pay_period,pay_date,period_start,period_end,employee_id,full_name,role,filing_status,philly_resident,regular_pay,bonus_pay,gross_pay,ee_401k_deferral,ee_health_premium,fed_income_tax,social_security,medicare,additional_medicare,pa_state_tax,philly_wage_tax,pa_sui_employee,pa_lst,total_employee_taxes,total_pretax_deductions,net_pay,er_social_security,er_medicare,er_futa,er_suta,er_workers_comp,er_401k_safe_harbor,er_health_premium,total_employer_taxes,total_employer_cost
1,2024-01-05,2023-12-22,2024-01-04,EMP-009,Nathan Brooks,Associate,Single,Yes,7115.38,0.0,7115.38,0.0,95.0,1423.08,441.15,103.17,0.0,218.44,266.83,4.98,2.0,2459.65,95.0,4560.73,441.15,103.17,42.0,192.12,42.69,213.46,285.0,821.13,8434.97
1,2024-01-05,2023-12-22,2024-01-04,EMP-010,Aiden Park,Associate,Single,Yes,6634.62,0.0,6634.62,0.0,95.0,1326.92,411.35,96.2,0.0,203.68,248.8,4.64,2.0,2293.59,95.0,4246.03,411.35,96.2,39.81,179.13,39.81,199.04,285.0,766.3,7884.96
1,2024-01-05,2023-12-22,2024-01-04,EMP-011,Maya Reyes,Associate,MFJ,Yes,6153.85,0.0,6153.85,0.0,228.0,1230.77,381.54,89.23,0.0,188.92,230.77,4.31,2.0,2127.54,228.0,3798.31,381.54,89.23,36.92,166.15,36.92,184.62,684.0,710.76,7733.23
1,2024-01-05,2023-12-22,2024-01-04,EMP-012,Tomas Aguilar,Associate,MFJ,Yes,5673.08,0.0,5673.08,0.0,228.0,1134.62,351.73,82.26,0.0,174.16,212.74,3.97,2.0,1961.48,228.0,3483.6,351.73,82.26,34.04,153.17,34.04,170.19,684.0,655.24,7182.51
1,2024-01-05,2023-12-22,2024-01-04,EMP-013,Hannah Whitfield,Associate,MFJ,Yes,5192.31,0.0,5192.31,0.0,95.0,1038.46,321.92,75.29,0.0,159.4,194.71,3.63,2.0,1795.41,95.0,3301.9,321.92,75.29,31.15,140.19,31.15,155.77,285.0,599.7,6232.78
1,2024-01-05,2023-12-22,2024-01-04,EMP-015,Frederick Wagner,Of-Counsel,Single,No,9423.08,0.0,9423.08,0.0,228.0,2073.08,584.23,136.63,0.0,289.29,324.15,6.6,2.0,3415.98,228.0,5779.1,584.23,136.63,42.0,254.42,56.54,282.69,684.0,1073.82,11463.59
1,2024-01-05,2023-12-22,2024-01-04,EMP-014,Catherine Mbeki,Of-Counsel,Single,Yes,8269.23,0.0,8269.23,0.0,95.0,1819.23,512.69,119.9,0.0,253.87,310.1,5.79,2.0,3023.58,95.0,5150.65,512.69,119.9,42.0,223.27,49.62,248.08,285.0,947.48,9749.79
1,2024-01-05,2023-12-22,2024-01-04,EMP-016,Rebecca Tanaka,Paralegal,MFJ,Yes,3538.46,0.0,3538.46,212.31,90.0,432.4,219.38,51.31,0.0,108.63,132.69,2.48,2.0,948.89,302.31,2287.26,219.38,51.31,21.23,95.54,21.23,106.15,270.0,408.69,4323.3
1,2024-01-05,2023-12-22,2024-01-04,EMP-017,Leon Beaumont,Paralegal,MFJ,Yes,3269.23,0.0,3269.23,0.0,216.0,425.0,202.69,47.4,0.0,100.37,122.6,2.29,2.0,902.35,216.0,2150.88,202.69,47.4,19.62,88.27,19.62,98.08,648.0,377.6,4392.91
1,2024-01-05,2023-12-22,2024-01-04,EMP-018,Sofia Delgado,Paralegal,MFJ,No,3000.0,0.0,3000.0,0.0,90.0,390.0,186.0,43.5,0.0,92.1,103.2,2.1,2.0,818.9,90.0,2091.1,186.0,43.5,18.0,81.0,18.0,90.0,270.0,346.5,3706.5
1,2024-01-05,2023-12-22,2024-01-04,EMP-019,Tasha Williams,Legal Assistant,Single,Yes,2615.38,0.0,2615.38,0.0,192.0,287.69,162.15,37.92,0.0,80.29,98.08,1.83,2.0,669.96,192.0,1753.42,162.15,37.92,15.69,70.62,15.69,78.46,576.0,302.07,3571.91
1,2024-01-05,2023-12-22,2024-01-04,EMP-020,Jenna Foster,Legal Assistant,HOH,Yes,2480.77,0.0,2480.77,248.08,80.0,245.6,153.81,35.97,0.0,76.16,93.03,1.74,2.0,608.31,328.08,1544.38,153.81,35.97,14.88,66.98,14.88,74.42,240.0,286.52,3081.71
1,2024-01-05,2023-12-22,2024-01-04,EMP-021,Maria Iglesias,Legal Assistant,Single,Yes,2346.15,0.0,2346.15,140.77,80.0,242.59,145.46,34.02,0.0,72.03,87.98,1.64,2.0,585.72,220.77,1539.66,145.46,34.02,14.08,63.35,14.08,70.38,240.0,270.99,2927.52
1,2024-01-05,2023-12-22,2024-01-04,EMP-022,Devin Russo,Legal Assistant,MFJ,Yes,2230.77,0.0,2230.77,178.46,80.0,225.75,138.31,32.35,0.0,68.48,83.65,1.56,2.0,552.1,258.46,1420.21,138.31,32.35,13.38,60.23,13.38,66.92,240.0,257.65,2795.34
1,2024-01-05,2023-12-22,2024-01-04,EMP-023,Linda Pemberton,Administrative,HOH,Yes,2384.62,0.0,2384.62,0.0,80.0,262.31,147.85,34.58,0.0,73.21,89.42,1.67,2.0,611.04,80.0,1693.58,147.85,34.58,14.31,64.38,14.31,71.54,240.0,275.43,2971.59
1,2024-01-05,2023-12-22,2024-01-04,EMP-024,Karen Yoshida,Administrative,Single,Yes,2000.0,0.0,2000.0,0.0,80.0,220.0,124.0,29.0,0.0,61.4,75.0,1.4,2.0,512.8,80.0,1407.2,124.0,29.0,12.0,54.0,12.0,60.0,240.0,231.0,2531.0
1,2024-01-05,2023-12-22,2024-01-04,EMP-025,Anthony Castellanos,Bookkeeper,Single,Yes,3076.92,0.0,3076.92,0.0,90.0,430.77,190.77,44.62,0.0,94.46,115.38,2.15,2.0,880.15,90.0,2106.77,190.77,44.62,18.46,83.08,18.46,92.31,270.0,355.39,3794.62
2,2024-01-19,2024-01-05,2024-01-18,EMP-009,Nathan Brooks,Associate,Single,Yes,7115.38,0.0,7115.38,0.0,95.0,1423.08,441.15,103.17,0.0,218.44,266.83,4.98,2.0,2459.65,95.0,4560.73,441.15,103.17,0.0,77.88,42.69,213.46,285.0,664.89,8278.73
2,2024-01-19,2024-01-05,2024-01-18,EMP-010,Aiden Park,Associate,Single,Yes,6634.62,0.0,6634.62,0.0,95.0,1326.92,411.35,96.2,0.0,203.68,248.8,4.64,2.0,2293.59,95.0,4246.03,411.35,96.2,2.19,90.87,39.81,199.04,285.0,640.42,7759.08
2,2024-01-19,2024-01-05,2024-01-18,EMP-011,Maya Reyes,Associate,MFJ,Yes,6153.85,0.0,6153.85,0.0,228.0,1230.77,381.54,89.23,0.0,188.92,230.77,4.31,2.0,2127.54,228.0,3798.31,381.54,89.23,5.08,103.85,36.92,184.62,684.0,616.62,7639.09
2,2024-01-19,2024-01-05,2024-01-18,EMP-012,Tomas Aguilar,Associate,MFJ,Yes,5673.08,0.0,5673.08,0.0,228.0,1134.62,351.73,82.26,0.0,174.16,212.74,3.97,2.0,1961.48,228.0,3483.6,351.73,82.26,7.96,116.83,34.04,170.19,684.0,592.82,7120.09
2,2024-01-19,2024-01-05,2024-01-18,EMP-013,Hannah Whitfield,Associate,MFJ,Yes,5192.31,0.0,5192.31,0.0,95.0,1038.46,321.92,75.29,0.0,159.4,194.71,3.63,2.0,1795.41,95.0,3301.9,321.92,75.29,10.85,129.81,31.15,155.77,285.0,569.02,6202.1
2,2024-01-19,2024-01-05,2024-01-18,EMP-015,Frederick Wagner,Of-Counsel,Single,No,9423.08,0.0,9423.08,0.0,228.0,2073.08,584.23,136.63,0.0,289.29,324.15,6.6,2.0,3415.98,228.0,5779.1,584.23,136.63,0.0,15.58,56.54,282.69,684.0,792.98,11182.75
2,2024-01-19,2024-01-05,2024-01-18,EMP-014,Catherine Mbeki,Of-Counsel,Single,Yes,8269.23,0.0,8269.23,0.0,95.0,1819.23,512.69,119.9,0.0,253.87,310.1,5.79,2.0,3023.58,95.0,5150.65,512.69,119.9,0.0,46.73,49.62,248.08,285.0,728.94,9531.25
2,2024-01-19,2024-01-05,2024-01-18,EMP-016,Rebecca Tanaka,Paralegal,MFJ,Yes,3538.46,0.0,3538.46,212.31,90.0,432.4,219.38,51.31,0.0,108.63,132.69,2.48,2.0,948.89,302.31,2287.26,219.38,51.31,20.77,95.54,21.23,106.15,270.0,408.23,4322.84
2,2024-01-19,2024-01-05,2024-01-18,EMP-017,Leon Beaumont,Paralegal,MFJ,Yes,3269.23,0.0,3269.23,0.0,216.0,425.0,202.69,47.4,0.0,100.37,122.6,2.29,2.0,902.35,216.0,2150.88,202.69,47.4,19.62,88.27,19.62,98.08,648.0,377.6,4392.91
2,2024-01-19,2024-01-05,2024-01-18,EMP-018,Sofia Delgado,Paralegal,MFJ,No,3000.0,0.0,3000.0,0.0,90.0,390.0,186.0,43.5,0.0,92.1,103.2,2.1,2.0,818.9,90.0,2091.1,186.0,43.5,18.0,81.0,18.0,90.0,270.0,346.5,3706.5
2,2024-01-19,2024-01-05,2024-01-18,EMP-019,Tasha Williams,Legal Assistant,Single,Yes,2615.38,0.0,2615.38,0.0,192.0,287.69,162.15,37.92,0.0,80.29,98.08,1.83,2.0,669.96,192.0,1753.42,162.15,37.92,15.69,70.62,15.69,78.46,576.0,302.07,3571.91
2,2024-01-19,2024-01-05,2024-01-18,EMP-020,Jenna Foster,Legal Assistant,HOH,Yes,2480.77,0.0,2480.77,248.08,80.0,245.6,153.81,35.97,0.0,76.16,93.03,1.74,2.0,608.31,328.08,1544.38,153.81,35.97,14.88,66.98,14.88,74.42,240.0,286.52,3081.71
2,2024-01-19,2024-01-05,2024-01-18,EMP-021,Maria Iglesias,Legal Assistant,Single,Yes,2346.15,0.0,2346.15,140.77,80.0,242.59,145.46,34.02,0.0,72.03,87.98,1.64,2.0,585.72,220.77,1539.66,145.46,34.02,14.08,63.35,14.08,70.38,240.0,270.99,2927.52
2,2024-01-19,2024-01-05,2024-01-18,EMP-022,Devin Russo,Legal Assistant,MFJ,Yes,2230.77,0.0,2230.77,178.46,80.0,225.75,138.31,32.35,0.0,68.48,83.65,1.56,2.0,552.1,258.46,1420.21,138.31,32.35,13.38,60.23,13.38,66.92,240.0,257.65,2795.34
2,2024-01-19,2024-01-05,2024-01-18,EMP-023,Linda Pemberton,Administrative,HOH,Yes,2384.62,0.0,2384.62,0.0,80.0,262.31,147.85,34.58,0.0,73.21,89.42,1.67,2.0,611.04,80.0,1693.58,147.85,34.58,14.31,64.38,14.31,71.54,240.0,275.43,2971.59
2,2024-01-19,2024-01-05,2024-01-18,EMP-024,Karen Yoshida,Administrative,Single,Yes,2000.0,0.0,2000.0,0.0,80.0,220.0,124.0,29.0,0.0,61.4,75.0,1.4,2.0,512.8,80.0,1407.2,124.0,29.0,12.0,54.0,12.0,60.0,240.0,231.0,2531.0
2,2024-01-19,2024-01-05,2024-01-18,EMP-025,Anthony Castellanos,Bookkeeper,Single,Yes,3076.92,0.0,3076.92,0.0,90.0,430.77,190.77,44.62,0.0,94.46,115.38,2.15,2.0,880.15,90.0,2106.77,190.77,44.62,18.46,83.08,18.46,92.31,270.0,355.39,3794.62
3,2024-02-02,2024-01-19,2024-02-01,EMP-009,Nathan Brooks,Associate,Single,Yes,7115.38,0.0,7115.38,0.0,95.0,1423.08,441.15,103.17,0.0,218.44,266.83,4.98,2.0,2459.65,95.0,4560.73,441.15,103.17,0.0,0.0,42.69,213.46,285.0,587.01,8200.85
3,2024-02-02,2024-01-19,2024-02-01,EMP-010,Aiden Park,Associate,Single,Yes,6634.62,0.0,6634.62,0.0,95.0,1326.92,411.35,96.2,0.0,203.68,248.8,4.64,2.0,2293.59,95.0,4246.03,411.35,96.2,0.0,0.0,39.81,199.04,285.0,547.36,7666.02
3,2024-02-02,2024-01-19,2024-02-01,EMP-011,Maya Reyes,Associate,MFJ,Yes,6153.85,0.0,6153.85,0.0,228.0,1230.77,381.54,89.23,0.0,188.92,230.77,4.31,2.0,2127.54,228.0,3798.31,381.54,89.23,0.0,0.0,36.92,184.62,684.0,507.69,7530.16
3,2024-02-02,2024-01-19,2024-02-01,EMP-012,Tomas Aguilar,Associate,MFJ,Yes,5673.08,0.0,5673.08,0.0,228.0,1134.62,351.73,82.26,0.0,174.16,212.74,3.97,2.0,1961.48,228.0,3483.6,351.73,82.26,0.0,0.0,34.04,170.19,684.0,468.03,6995.3
3,2024-02-02,2024-01-19,2024-02-01,EMP-013,Hannah Whitfield,Associate,MFJ,Yes,5192.31,0.0,5192.31,0.0,95.0,1038.46,321.92,75.29,0.0,159.4,194.71,3.63,2.0,1795.41,95.0,3301.9,321.92,75.29,0.0,0.0,31.15,155.77,285.0,428.36,6061.44
3,2024-02-02,2024-01-19,2024-02-01,EMP-015,Frederick Wagner,Of-Counsel,Single,No,9423.08,0.0,9423.08,0.0,228.0,2073.08,584.23,136.63,0.0,289.29,324.15,6.6,2.0,3415.98,228.0,5779.1,584.23,136.63,0.0,0.0,56.54,282.69,684.0,777.4,11167.17
3,2024-02-02,2024-01-19,2024-02-01,EMP-014,Catherine Mbeki,Of-Counsel,Single,Yes,8269.23,0.0,8269.23,0.0,95.0,1819.23,512.69,119.9,0.0,253.87,310.1,5.79,2.0,3023.58,95.0,5150.65,512.69,119.9,0.0,0.0,49.62,248.08,285.0,682.21,9484.52
3,2024-02-02,2024-01-19,2024-02-01,EMP-016,Rebecca Tanaka,Paralegal,MFJ,Yes,3538.46,0.0,3538.46,212.31,90.0,432.4,219.38,51.31,0.0,108.63,132.69,2.48,2.0,948.89,302.31,2287.26,219.38,51.31,0.0,78.92,21.23,106.15,270.0,370.84,4285.45
3,2024-02-02,2024-01-19,2024-02-01,EMP-017,Leon Beaumont,Paralegal,MFJ,Yes,3269.23,0.0,3269.23,0.0,216.0,425.0,202.69,47.4,0.0,100.37,122.6,2.29,2.0,902.35,216.0,2150.88,202.69,47.4,2.77,88.27,19.62,98.08,648.0,360.75,4376.06
3,2024-02-02,2024-01-19,2024-02-01,EMP-018,Sofia Delgado,Paralegal,MFJ,No,3000.0,0.0,3000.0,0.0,90.0,390.0,186.0,43.5,0.0,92.1,103.2,2.1,2.0,818.9,90.0,2091.1,186.0,43.5,6.0,81.0,18.0,90.0,270.0,334.5,3694.5
3,2024-02-02,2024-01-19,2024-02-01,EMP-019,Tasha Williams,Legal Assistant,Single,Yes,2615.38,0.0,2615.38,0.0,192.0,287.69,162.15,37.92,0.0,80.29,98.08,1.83,2.0,669.96,192.0,1753.42,162.15,37.92,10.62,70.62,15.69,78.46,576.0,297.0,3566.84
3,2024-02-02,2024-01-19,2024-02-01,EMP-020,Jenna Foster,Legal Assistant,HOH,Yes,2480.77,0.0,2480.77,248.08,80.0,245.6,153.81,35.97,0.0,76.16,93.03,1.74,2.0,608.31,328.08,1544.38,153.81,35.97,12.23,66.98,14.88,74.42,240.0,283.87,3079.06
3,2024-02-02,2024-01-19,2024-02-01,EMP-021,Maria Iglesias,Legal Assistant,Single,Yes,2346.15,0.0,2346.15,140.77,80.0,242.59,145.46,34.02,0.0,72.03,87.98,1.64,2.0,585.72,220.77,1539.66,145.46,34.02,13.85,63.35,14.08,70.38,240.0,270.76,2927.29
3,2024-02-02,2024-01-19,2024-02-01,EMP-022,Devin Russo,Legal Assistant,MFJ,Yes,2230.77,0.0,2230.77,178.46,80.0,225.75,138.31,32.35,0.0,68.48,83.65,1.56,2.0,552.1,258.46,1420.21,138.31,32.35,13.38,60.23,13.38,66.92,240.0,257.65,2795.34
3,2024-02-02,2024-01-19,2024-02-01,EMP-023,Linda Pemberton,Administrative,HOH,Yes,2384.62,0.0,2384.62,0.0,80.0,262.31,147.85,34.58,0.0,73.21,89.42,1.67,2.0,611.04,80.0,1693.58,147.85,34.58,13.38,64.38,14.31,71.54,240.0,274.5,2970.66
3,2024-02-02,2024-01-19,2024-02-01,EMP-024,Karen Yoshida,Administrative,Single,Yes,2000.0,0.0,2000.0,0.0,80.0,220.0,124.0,29.0,0.0,61.4,75.0,1.4,2.0,512.8,80.0,1407.2,124.0,29.0,12.0,54.0,12.0,60.0,240.0,231.0,2531.0
3,2024-02-02,2024-01-19,2024-02-01,EMP-025,Anthony Castellanos,Bookkeeper,Single,Yes,3076.92,0.0,3076.92,0.0,90.0,430.77,190.77,44.62,0.0,94.46,115.38,2.15,2.0,880.15,90.0,2106.77,190.77,44.62,5.08,83.08,18.46,92.31,270.0,342.01,3781.24
4,2024-02-16,2024-02-02,2024-02-15,EMP-009,Nathan Brooks,Associate,Single,Yes,7115.38,0.0,7115.38,0.0,95.0,1423.08,441.15,103.17,0.0,218.44,266.83,4.98,2.0,2459.65,95.0,4560.73,441.15,103.17,0.0,0.0,42.69,213.46,285.0,587.01,8200.85
4,2024-02-16,2024-02-02,2024-02-15,EMP-010,Aiden Park,Associate,Single,Yes,6634.62,0.0,6634.62,0.0,95.0,1326.92,411.35,96.2,0.0,203.68,248.8,4.64,2.0,2293.59,95.0,4246.03,411.35,96.2,0.0,0.0,39.81,199.04,285.0,547.36,7666.02
4,2024-02-16,2024-02-02,2024-02-15,EMP-011,Maya Reyes,Associate,MFJ,Yes,6153.85,0.0,6153.85,0.0,228.0,1230.77,381.54,89.23,0.0,188.92,230.77,4.31,2.0,2127.54,228.0,3798.31,381.54,89.23,0.0,0.0,36.92,184.62,684.0,507.69,7530.16
4,2024-02-16,2024-02-02,2024-02-15,EMP-012,Tomas Aguilar,Associate,MFJ,Yes,5673.08,0.0,5673.08,0.0,228.0,1134.62,351.73,82.26,0.0,174.16,212.74,3.97,2.0,1961.48,228.0,3483.6,351.73,82.26,0.0,0.0,34.04,170.19,684.0,468.03,6995.3
4,2024-02-16,2024-02-02,2024-02-15,EMP-013,Hannah Whitfield,Associate,MFJ,Yes,5192.31,0.0,5192.31,0.0,95.0,1038.46,321.92,75.29,0.0,159.4,194.71,3.63,2.0,1795.41,95.0,3301.9,321.92,75.29,0.0,0.0,31.15,155.77,285.0,428.36,6061.44
4,2024-02-16,2024-02-02,2024-02-15,EMP-015,Frederick Wagner,Of-Counsel,Single,No,9423.08,0.0,9423.08,0.0,228.0,2073.08,584.23,136.63,0.0,289.29,324.15,6.6,2.0,3415.98,228.0,5779.1,584.23,136.63,0.0,0.0,56.54,282.69,684.0,777.4,11167.17
4,2024-02-16,2024-02-02,2024-02-15,EMP-014,Catherine Mbeki,Of-Counsel,Single,Yes,8269.23,0.0,8269.23,0.0,95.0,1819.23,512.69,119.9,0.0,253.87,310.1,5.79,2.0,3023.58,95.0,5150.65,512.69,119.9,0.0,0.0,49.62,248.08,285.0,682.21,9484.52
4,2024-02-16,2024-02-02,2024-02-15,EMP-016,Rebecca Tanaka,Paralegal,MFJ,Yes,3538.46,0.0,3538.46,212.31,90.0,432.4,219.38,51.31,0.0,108.63,132.69,2.48,2.0,948.89,302.31,2287.26,219.38,51.31,0.0,0.0,21.23,106.15,270.0,291.92,4206.53
4,2024-02-16,2024-02-02,2024-02-15,EMP-017,Leon Beaumont,Paralegal,MFJ,Yes,3269.23,0.0,3269.23,0.0,216.0,425.0,202.69,47.4,0.0,100.37,122.6,2.29,2.0,902.35,216.0,2150.88,202.69,47.4,0.0,5.19,19.62,98.08,648.0,274.9,4290.21
4,2024-02-16,2024-02-02,2024-02-15,EMP-018,Sofia Delgado,Paralegal,MFJ,No,3000.0,0.0,3000.0,0.0,90.0,390.0,186.0,43.5,0.0,92.1,103.2,2.1,2.0,818.9,90.0,2091.1,186.0,43.5,0.0,27.0,18.0,90.0,270.0,274.5,3634.5
4,2024-02-16,2024-02-02,2024-02-15,EMP-019,Tasha Williams,Legal Assistant,Single,Yes,2615.38,0.0,2615.38,0.0,192.0,287.69,162.15,37.92,0.0,80.29,98.08,1.83,2.0,669.96,192.0,1753.42,162.15,37.92,0.0,58.15,15.69,78.46,576.0,273.91,3543.75
4,2024-02-16,2024-02-02,2024-02-15,EMP-020,Jenna Foster,Legal Assistant,HOH,Yes,2480.77,0.0,2480.77,248.08,80.0,245.6,153.81,35.97,0.0,76.16,93.03,1.74,2.0,608.31,328.08,1544.38,153.81,35.97,0.0,66.98,14.88,74.42,240.0,271.64,3066.83
4,2024-02-16,2024-02-02,2024-02-15,EMP-021,Maria Iglesias,Legal Assistant,Single,Yes,2346.15,0.0,2346.15,140.77,80.0,242.59,145.46,34.02,0.0,72.03,87.98,1.64,2.0,585.72,220.77,1539.66,145.46,34.02,0.0,63.35,14.08,70.38,240.0,256.91,2913.44
4,2024-02-16,2024-02-02,2024-02-15,EMP-022,Devin Russo,Legal Assistant,MFJ,Yes,2230.77,0.0,2230.77,178.46,80.0,225.75,138.31,32.35,0.0,68.48,83.65,1.56,2.0,552.1,258.46,1420.21,138.31,32.35,1.85,60.23,13.38,66.92,240.0,246.12,2783.81
4,2024-02-16,2024-02-02,2024-02-15,EMP-023,Linda Pemberton,Administrative,HOH,Yes,2384.62,0.0,2384.62,0.0,80.0,262.31,147.85,34.58,0.0,73.21,89.42,1.67,2.0,611.04,80.0,1693.58,147.85,34.58,0.0,64.38,14.31,71.54,240.0,261.12,2957.28
4,2024-02-16,2024-02-02,2024-02-15,EMP-024,Karen Yoshida,Administrative,Single,Yes,2000.0,0.0,2000.0,0.0,80.0,220.0,124.0,29.0,0.0,61.4,75.0,1.4,2.0,512.8,80.0,1407.2,124.0,29.0,6.0,54.0,12.0,60.0,240.0,225.0,2525.0
4,2024-02-16,2024-02-02,2024-02-15,EMP-025,Anthony Castellanos,Bookkeeper,Single,Yes,3076.92,0.0,3076.92,0.0,90.0,430.77,190.77,44.62,0.0,94.46,115.38,2.15,2.0,880.15,90.0,2106.77,190.77,44.62,0.0,20.77,18.46,92.31,270.0,274.62,3713.85
5,2024-03-01,2024-02-16,2024-02-29,EMP-009,Nathan Brooks,Associate,Single,Yes,7115.38,0.0,7115.38,0.0,95.0,1423.08,441.15,103.17,0.0,218.44,266.83,4.98,2.0,2459.65,95.0,4560.73,441.15,103.17,0.0,0.0,42.69,213.46,285.0,587.01,8200.85
5,2024-03-01,2024-02-16,2024-02-29,EMP-010,Aiden Park,Associate,Single,Yes,6634.62,0.0,6634.62,0.0,95.0,1326.92,411.35,96.2,0.0,203.68,248.8,4.64,2.0,2293.59,95.0,4246.03,411.35,96.2,0.0,0.0,39.81,199.04,285.0,547.36,7666.02
5,2024-03-01,2024-02-16,2024-02-29,EMP-011,Maya Reyes,Associate,MFJ,Yes,6153.85,0.0,6153.85,0.0,228.0,1230.77,381.54,89.23,0.0,188.92,230.77,4.31,2.0,2127.54,228.0,3798.31,381.54,89.23,0.0,0.0,36.92,184.62,684.0,507.69,7530.16
5,2024-03-01,2024-02-16,2024-02-29,EMP-012,Tomas Aguilar,Associate,MFJ,Yes,5673.08,0.0,5673.08,0.0,228.0,1134.62,351.73,82.26,0.0,174.16,212.74,3.97,2.0,1961.48,228.0,3483.6,351.73,82.26,0.0,0.0,34.04,170.19,684.0,468.03,6995.3
5,2024-03-01,2024-02-16,2024-02-29,EMP-013,Hannah Whitfield,Associate,MFJ,Yes,5192.31,0.0,5192.31,0.0,95.0,1038.46,321.92,75.29,0.0,159.4,194.71,3.63,2.0,1795.41,95.0,3301.9,321.92,75.29,0.0,0.0,31.15,155.77,285.0,428.36,6061.44
5,2024-03-01,2024-02-16,2024-02-29,EMP-015,Frederick Wagner,Of-Counsel,Single,No,9423.08,0.0,9423.08,0.0,228.0,2073.08,584.23,136.63,0.0,289.29,324.15,6.6,2.0,3415.98,228.0,5779.1,584.23,136.63,0.0,0.0,56.54,282.69,684.0,777.4,11167.17
5,2024-03-01,2024-02-16,2024-02-29,EMP-014,Catherine Mbeki,Of-Counsel,Single,Yes,8269.23,0.0,8269.23,0.0,95.0,1819.23,512.69,119.9,0.0,253.87,310.1,5.79,2.0,3023.58,95.0,5150.65,512.69,119.9,0.0,0.0,49.62,248.08,285.0,682.21,9484.52
5,2024-03-01,2024-02-16,2024-02-29,EMP-016,Rebecca Tanaka,Paralegal,MFJ,Yes,3538.46,0.0,3538.46,212.31,90.0,432.4,219.38,51.31,0.0,108.63,132.69,2.48,2.0,948.89,302.31,2287.26,219.38,51.31,0.0,0.0,21.23,106.15,270.0,291.92,4206.53
5,2024-03-01,2024-02-16,2024-02-29,EMP-017,Leon Beaumont,Paralegal,MFJ,Yes,3269.23,0.0,3269.23,0.0,216.0,425.0,202.69,47.4,0.0,100.37,122.6,2.29,2.0,902.35,216.0,2150.88,202.69,47.4,0.0,0.0,19.62,98.08,648.0,269.71,4285.02
5,2024-03-01,2024-02-16,2024-02-29,EMP-018,Sofia Delgado,Paralegal,MFJ,No,3000.0,0.0,3000.0,0.0,90.0,390.0,186.0,43.5,0.0,92.1,103.2,2.1,2.0,818.9,90.0,2091.1,186.0,43.5,0.0,0.0,18.0,90.0,270.0,247.5,3607.5
5,2024-03-01,2024-02-16,2024-02-29,EMP-019,Tasha Williams,Legal Assistant,Single,Yes,2615.38,0.0,2615.38,0.0,192.0,287.69,162.15,37.92,0.0,80.29,98.08,1.83,2.0,669.96,192.0,1753.42,162.15,37.92,0.0,0.0,15.69,78.46,576.0,215.76,3485.6
5,2024-03-01,2024-02-16,2024-02-29,EMP-020,Jenna Foster,Legal Assistant,HOH,Yes,2480.77,0.0,2480.77,248.08,80.0,245.6,153.81,35.97,0.0,76.16,93.03,1.74,2.0,608.31,328.08,1544.38,153.81,35.97,0.0,2.08,14.88,74.42,240.0,206.74,3001.93
5,2024-03-01,2024-02-16,2024-02-29,EMP-021,Maria Iglesias,Legal Assistant,Single,Yes,2346.15,0.0,2346.15,140.77,80.0,242.59,145.46,34.02,0.0,72.03,87.98,1.64,2.0,585.72,220.77,1539.66,145.46,34.02,0.0,16.62,14.08,70.38,240.0,210.18,2866.71
5,2024-03-01,2024-02-16,2024-02-29,EMP-022,Devin Russo,Legal Assistant,MFJ,Yes,2230.77,0.0,2230.77,178.46,80.0,225.75,138.31,32.35,0.0,68.48,83.65,1.56,2.0,552.1,258.46,1420.21,138.31,32.35,0.0,29.08,13.38,66.92,240.0,213.12,2750.81
5,2024-03-01,2024-02-16,2024-02-29,EMP-023,Linda Pemberton,Administrative,HOH,Yes,2384.62,0.0,2384.62,0.0,80.0,262.31,147.85,34.58,0.0,73.21,89.42,1.67,2.0,611.04,80.0,1693.58,147.85,34.58,0.0,12.46,14.31,71.54,240.0,209.2,2905.36
5,2024-03-01,2024-02-16,2024-02-29,EMP-024,Karen Yoshida,Administrative,Single,Yes,2000.0,0.0,2000.0,0.0,80.0,220.0,124.0,29.0,0.0,61.4,75.0,1.4,2.0,512.8,80.0,1407.2,124.0,29.0,0.0,54.0,12.0,60.0,240.0,219.0,2519.0
5,2024-03-01,2024-02-16,2024-02-29,EMP-025,Anthony Castellanos,Bookkeeper,Single,Yes,3076.92,0.0,3076.92,0.0,90.0,430.77,190.77,44.62,0.0,94.46,115.38,2.15,2.0,880.15,90.0,2106.77,190.77,44.62,0.0,0.0,18.46,92.31,270.0,253.85,3693.08
6,2024-03-15,2024-03-01,2024-03-14,EMP-009,Nathan Brooks,Associate,Single,Yes,7115.38,0.0,7115.38,0.0,95.0,1423.08,441.15,103.17,0.0,218.44,266.83,4.98,2.0,2459.65,95.0,4560.73,441.15,103.17,0.0,0.0,42.69,213.46,285.0,587.01,8200.85
6,2024-03-15,2024-03-01,2024-03-14,EMP-010,Aiden Park,Associate,Single,Yes,6634.62,0.0,6634.62,0.0,95.0,1326.92,411.35,96.2,0.0,203.68,248.8,4.64,2.0,2293.59,95.0,4246.03,411.35,96.2,0.0,0.0,39.81,199.04,285.0,547.36,7666.02
6,2024-03-15,2024-03-01,2024-03-14,EMP-011,Maya Reyes,Associate,MFJ,Yes,6153.85,0.0,6153.85,0.0,228.0,1230.77,381.54,89.23,0.0,188.92,230.77,4.31,2.0,2127.54,228.0,3798.31,381.54,89.23,0.0,0.0,36.92,184.62,684.0,507.69,7530.16
6,2024-03-15,2024-03-01,2024-03-14,EMP-012,Tomas Aguilar,Associate,MFJ,Yes,5673.08,0.0,5673.08,0.0,228.0,1134.62,351.73,82.26,0.0,174.16,212.74,3.97,2.0,1961.48,228.0,3483.6,351.73,82.26,0.0,0.0,34.04,170.19,684.0,468.03,6995.3
6,2024-03-15,2024-03-01,2024-03-14,EMP-013,Hannah Whitfield,Associate,MFJ,Yes,5192.31,0.0,5192.31,0.0,95.0,1038.46,321.92,75.29,0.0,159.4,194.71,3.63,2.0,1795.41,95.0,3301.9,321.92,75.29,0.0,0.0,31.15,155.77,285.0,428.36,6061.44
6,2024-03-15,2024-03-01,2024-03-14,EMP-015,Frederick Wagner,Of-Counsel,Single,No,9423.08,0.0,9423.08,0.0,228.0,2073.08,584.23,136.63,0.0,289.29,324.15,6.6,2.0,3415.98,228.0,5779.1,584.23,136.63,0.0,0.0,56.54,282.69,684.0,777.4,11167.17
6,2024-03-15,2024-03-01,2024-03-14,EMP-014,Catherine Mbeki,Of-Counsel,Single,Yes,8269.23,0.0,8269.23,0.0,95.0,1819.23,512.69,119.9,0.0,253.87,310.1,5.79,2.0,3023.58,95.0,5150.65,512.69,119.9,0.0,0.0,49.62,248.08,285.0,682.21,9484.52
6,2024-03-15,2024-03-01,2024-03-14,EMP-016,Rebecca Tanaka,Paralegal,MFJ,Yes,3538.46,0.0,3538.46,212.31,90.0,432.4,219.38,51.31,0.0,108.63,132.69,2.48,2.0,948.89,302.31,2287.26,219.38,51.31,0.0,0.0,21.23,106.15,270.0,291.92,4206.53
6,2024-03-15,2024-03-01,2024-03-14,EMP-017,Leon Beaumont,Paralegal,MFJ,Yes,3269.23,0.0,3269.23,0.0,216.0,425.0,202.69,47.4,0.0,100.37,122.6,2.29,2.0,902.35,216.0,2150.88,202.69,47.4,0.0,0.0,19.62,98.08,648.0,269.71,4285.02
6,2024-03-15,2024-03-01,2024-03-14,EMP-018,Sofia Delgado,Paralegal,MFJ,No,3000.0,0.0,3000.0,0.0,90.0,390.0,186.0,43.5,0.0,92.1,103.2,2.1,2.0,818.9,90.0,2091.1,186.0,43.5,0.0,0.0,18.0,90.0,270.0,247.5,3607.5
6,2024-03-15,2024-03-01,2024-03-14,EMP-019,Tasha Williams,Legal Assistant,Single,Yes,2615.38,0.0,2615.38,0.0,192.0,287.69,162.15,37.92,0.0,80.29,98.08,1.83,2.0,669.96,192.0,1753.42,162.15,37.92,0.0,0.0,15.69,78.46,576.0,215.76,3485.6
6,2024-03-15,2024-03-01,2024-03-14,EMP-020,Jenna Foster,Legal Assistant,HOH,Yes,2480.77,0.0,2480.77,248.08,80.0,245.6,153.81,35.97,0.0,76.16,93.03,1.74,2.0,608.31,328.08,1544.38,153.81,35.97,0.0,0.0,14.88,74.42,240.0,204.66,2999.85
6,2024-03-15,2024-03-01,2024-03-14,EMP-021,Maria Iglesias,Legal Assistant,Single,Yes,2346.15,0.0,2346.15,140.77,80.0,242.59,145.46,34.02,0.0,72.03,87.98,1.64,2.0,585.72,220.77,1539.66,145.46,34.02,0.0,0.0,14.08,70.38,240.0,193.56,2850.09
6,2024-03-15,2024-03-01,2024-03-14,EMP-022,Devin Russo,Legal Assistant,MFJ,Yes,2230.77,0.0,2230.77,178.46,80.0,225.75,138.31,32.35,0.0,68.48,83.65,1.56,2.0,552.1,258.46,1420.21,138.31,32.35,0.0,0.0,13.38,66.92,240.0,184.04,2721.73
6,2024-03-15,2024-03-01,2024-03-14,EMP-023,Linda Pemberton,Administrative,HOH,Yes,2384.62,0.0,2384.62,0.0,80.0,262.31,147.85,34.58,0.0,73.21,89.42,1.67,2.0,611.04,80.0,1693.58,147.85,34.58,0.0,0.0,14.31,71.54,240.0,196.74,2892.9
6,2024-03-15,2024-03-01,2024-03-14,EMP-024,Karen Yoshida,Administrative,Single,Yes,2000.0,0.0,2000.0,0.0,80.0,220.0,124.0,29.0,0.0,61.4,75.0,1.4,2.0,512.8,80.0,1407.2,124.0,29.0,0.0,0.0,12.0,60.0,240.0,165.0,2465.0
6,2024-03-15,2024-03-01,2024-03-14,EMP-025,Anthony Castellanos,Bookkeeper,Single,Yes,3076.92,0.0,3076.92,0.0,90.0,430.77,190.77,44.62,0.0,94.46,115.38,2.15,2.0,880.15,90.0,2106.77,190.77,44.62,0.0,0.0,18.46,92.31,270.0,253.85,3693.08
7,2024-03-29,2024-03-15,2024-03-28,EMP-009,Nathan Brooks,Associate,Single,Yes,7115.38,0.0,7115.38,0.0,95.0,1423.08,441.15,103.17,0.0,218.44,266.83,4.98,2.0,2459.65,95.0,4560.73,441.15,103.17,0.0,0.0,42.69,213.46,285.0,587.01,8200.85
7,2024-03-29,2024-03-15,2024-03-28,EMP-010,Aiden Park,Associate,Single,Yes,6634.62,0.0,6634.62,0.0,95.0,1326.92,411.35,96.2,0.0,203.68,248.8,4.64,2.0,2293.59,95.0,4246.03,411.35,96.2,0.0,0.0,39.81,199.04,285.0,547.36,7666.02
7,2024-03-29,2024-03-15,2024-03-28,EMP-011,Maya Reyes,Associate,MFJ,Yes,6153.85,0.0,6153.85,0.0,228.0,1230.77,381.54,89.23,0.0,188.92,230.77,4.31,2.0,2127.54,228.0,3798.31,381.54,89.23,0.0,0.0,36.92,184.62,684.0,507.69,7530.16
7,2024-03-29,2024-03-15,2024-03-28,EMP-012,Tomas Aguilar,Associate,MFJ,Yes,5673.08,0.0,5673.08,0.0,228.0,1134.62,351.73,82.26,0.0,174.16,212.74,3.97,2.0,1961.48,228.0,3483.6,351.73,82.26,0.0,0.0,34.04,170.19,684.0,468.03,6995.3
7,2024-03-29,2024-03-15,2024-03-28,EMP-013,Hannah Whitfield,Associate,MFJ,Yes,5192.31,0.0,5192.31,0.0,95.0,1038.46,321.92,75.29,0.0,159.4,194.71,3.63,2.0,1795.41,95.0,3301.9,321.92,75.29,0.0,0.0,31.15,155.77,285.0,428.36,6061.44
7,2024-03-29,2024-03-15,2024-03-28,EMP-015,Frederick Wagner,Of-Counsel,Single,No,9423.08,0.0,9423.08,0.0,228.0,2073.08,584.23,136.63,0.0,289.29,324.15,6.6,2.0,3415.98,228.0,5779.1,584.23,136.63,0.0,0.0,56.54,282.69,684.0,777.4,11167.17
7,2024-03-29,2024-03-15,2024-03-28,EMP-014,Catherine Mbeki,Of-Counsel,Single,Yes,8269.23,0.0,8269.23,0.0,95.0,1819.23,512.69,119.9,0.0,253.87,310.1,5.79,2.0,3023.58,95.0,5150.65,512.69,119.9,0.0,0.0,49.62,248.08,285.0,682.21,9484.52
7,2024-03-29,2024-03-15,2024-03-28,EMP-016,Rebecca Tanaka,Paralegal,MFJ,Yes,3538.46,0.0,3538.46,212.31,90.0,432.4,219.38,51.31,0.0,108.63,132.69,2.48,2.0,948.89,302.31,2287.26,219.38,51.31,0.0,0.0,21.23,106.15,270.0,291.92,4206.53
7,2024-03-29,2024-03-15,2024-03-28,EMP-017,Leon Beaumont,Paralegal,MFJ,Yes,3269.23,0.0,3269.23,0.0,216.0,425.0,202.69,47.4,0.0,100.37,122.6,2.29,2.0,902.35,216.0,2150.88,202.69,47.4,0.0,0.0,19.62,98.08,648.0,269.71,4285.02
7,2024-03-29,2024-03-15,2024-03-28,EMP-018,Sofia Delgado,Paralegal,MFJ,No,3000.0,0.0,3000.0,0.0,90.0,390.0,186.0,43.5,0.0,92.1,103.2,2.1,2.0,818.9,90.0,2091.1,186.0,43.5,0.0,0.0,18.0,90.0,270.0,247.5,3607.5
7,2024-03-29,2024-03-15,2024-03-28,EMP-019,Tasha Williams,Legal Assistant,Single,Yes,2615.38,0.0,2615.38,0.0,192.0,287.69,162.15,37.92,0.0,80.29,98.08,1.83,2.0,669.96,192.0,1753.42,162.15,37.92,0.0,0.0,15.69,78.46,576.0,215.76,3485.6
7,2024-03-29,2024-03-15,2024-03-28,EMP-020,Jenna Foster,Legal Assistant,HOH,Yes,2480.77,0.0,2480.77,248.08,80.0,245.6,153.81,35.97,0.0,76.16,93.03,1.74,2.0,608.31,328.08,1544.38,153.81,35.97,0.0,0.0,14.88,74.42,240.0,204.66,2999.85
7,2024-03-29,2024-03-15,2024-03-28,EMP-021,Maria Iglesias,Legal Assistant,Single,Yes,2346.15,0.0,2346.15,140.77,80.0,242.59,145.46,34.02,0.0,72.03,87.98,1.64,2.0,585.72,220.77,1539.66,145.46,34.02,0.0,0.0,14.08,70.38,240.0,193.56,2850.09
7,2024-03-29,2024-03-15,2024-03-28,EMP-022,Devin Russo,Legal Assistant,MFJ,Yes,2230.77,0.0,2230.77,178.46,80.0,225.75,138.31,32.35,0.0,68.48,83.65,1.56,2.0,552.1,258.46,1420.21,138.31,32.35,0.0,0.0,13.38,66.92,240.0,184.04,2721.73
7,2024-03-29,2024-03-15,2024-03-28,EMP-023,Linda Pemberton,Administrative,HOH,Yes,2384.62,0.0,2384.62,0.0,80.0,262.31,147.85,34.58,0.0,73.21,89.42,1.67,2.0,611.04,80.0,1693.58,147.85,34.58,0.0,0.0,14.31,71.54,240.0,196.74,2892.9
7,2024-03-29,2024-03-15,2024-03-28,EMP-024,Karen Yoshida,Administrative,Single,Yes,2000.0,0.0,2000.0,0.0,80.0,220.0,124.0,29.0,0.0,61.4,75.0,1.4,2.0,512.8,80.0,1407.2,124.0,29.0,0.0,0.0,12.0,60.0,240.0,165.0,2465.0
7,2024-03-29,2024-03-15,2024-03-28,EMP-025,Anthony Castellanos,Bookkeeper,Single,Yes,3076.92,0.0,3076.92,0.0,90.0,430.77,190.77,44.62,0.0,94.46,115.38,2.15,2.0,880.15,90.0,2106.77,190.77,44.62,0.0,0.0,18.46,92.31,270.0,253.85,3693.08
8,2024-04-12,2024-03-29,2024-04-11,EMP-009,Nathan Brooks,Associate,Single,Yes,7115.38,0.0,7115.38,0.0,95.0,1423.08,441.15,103.17,0.0,218.44,266.83,4.98,2.0,2459.65,95.0,4560.73,441.15,103.17,0.0,0.0,42.69,213.46,285.0,587.01,8200.85
8,2024-04-12,2024-03-29,2024-04-11,EMP-010,Aiden Park,Associate,Single,Yes,6634.62,0.0,6634.62,0.0,95.0,1326.92,411.35,96.2,0.0,203.68,248.8,4.64,2.0,2293.59,95.0,4246.03,411.35,96.2,0.0,0.0,39.81,199.04,285.0,547.36,7666.02
8,2024-04-12,2024-03-29,2024-04-11,EMP-011,Maya Reyes,Associate,MFJ,Yes,6153.85,0.0,6153.85,0.0,228.0,1230.77,381.54,89.23,0.0,188.92,230.77,4.31,2.0,2127.54,228.0,3798.31,381.54,89.23,0.0,0.0,36.92,184.62,684.0,507.69,7530.16
8,2024-04-12,2024-03-29,2024-04-11,EMP-012,Tomas Aguilar,Associate,MFJ,Yes,5673.08,0.0,5673.08,0.0,228.0,1134.62,351.73,82.26,0.0,174.16,212.74,3.97,2.0,1961.48,228.0,3483.6,351.73,82.26,0.0,0.0,34.04,170.19,684.0,468.03,6995.3
8,2024-04-12,2024-03-29,2024-04-11,EMP-013,Hannah Whitfield,Associate,MFJ,Yes,5192.31,0.0,5192.31,0.0,95.0,1038.46,321.92,75.29,0.0,159.4,194.71,3.63,2.0,1795.41,95.0,3301.9,321.92,75.29,0.0,0.0,31.15,155.77,285.0,428.36,6061.44
8,2024-04-12,2024-03-29,2024-04-11,EMP-015,Frederick Wagner,Of-Counsel,Single,No,9423.08,0.0,9423.08,0.0,228.0,2073.08,584.23,136.63,0.0,289.29,324.15,6.6,2.0,3415.98,228.0,5779.1,584.23,136.63,0.0,0.0,56.54,282.69,684.0,777.4,11167.17
8,2024-04-12,2024-03-29,2024-04-11,EMP-014,Catherine Mbeki,Of-Counsel,Single,Yes,8269.23,0.0,8269.23,0.0,95.0,1819.23,512.69,119.9,0.0,253.87,310.1,5.79,2.0,3023.58,95.0,5150.65,512.69,119.9,0.0,0.0,49.62,248.08,285.0,682.21,9484.52
8,2024-04-12,2024-03-29,2024-04-11,EMP-016,Rebecca Tanaka,Paralegal,MFJ,Yes,3538.46,0.0,3538.46,212.31,90.0,432.4,219.38,51.31,0.0,108.63,132.69,2.48,2.0,948.89,302.31,2287.26,219.38,51.31,0.0,0.0,21.23,106.15,270.0,291.92,4206.53
8,2024-04-12,2024-03-29,2024-04-11,EMP-017,Leon Beaumont,Paralegal,MFJ,Yes,3269.23,0.0,3269.23,0.0,216.0,425.0,202.69,47.4,0.0,100.37,122.6,2.29,2.0,902.35,216.0,2150.88,202.69,47.4,0.0,0.0,19.62,98.08,648.0,269.71,4285.02
8,2024-04-12,2024-03-29,2024-04-11,EMP-018,Sofia Delgado,Paralegal,MFJ,No,3000.0,0.0,3000.0,0.0,90.0,390.0,186.0,43.5,0.0,92.1,103.2,2.1,2.0,818.9,90.0,2091.1,186.0,43.5,0.0,0.0,18.0,90.0,270.0,247.5,3607.5
8,2024-04-12,2024-03-29,2024-04-11,EMP-019,Tasha Williams,Legal Assistant,Single,Yes,2615.38,0.0,2615.38,0.0,192.0,287.69,162.15,37.92,0.0,80.29,98.08,1.83,2.0,669.96,192.0,1753.42,162.15,37.92,0.0,0.0,15.69,78.46,576.0,215.76,3485.6
8,2024-04-12,2024-03-29,2024-04-11,EMP-020,Jenna Foster,Legal Assistant,HOH,Yes,2480.77,0.0,2480.77,248.08,80.0,245.6,153.81,35.97,0.0,76.16,93.03,1.74,2.0,608.31,328.08,1544.38,153.81,35.97,0.0,0.0,14.88,74.42,240.0,204.66,2999.85
8,2024-04-12,2024-03-29,2024-04-11,EMP-021,Maria Iglesias,Legal Assistant,Single,Yes,2346.15,0.0,2346.15,140.77,80.0,242.59,145.46,34.02,0.0,72.03,87.98,1.64,2.0,585.72,220.77,1539.66,145.46,34.02,0.0,0.0,14.08,70.38,240.0,193.56,2850.09
8,2024-04-12,2024-03-29,2024-04-11,EMP-022,Devin Russo,Legal Assistant,MFJ,Yes,2230.77,0.0,2230.77,178.46,80.0,225.75,138.31,32.35,0.0,68.48,83.65,1.56,2.0,552.1,258.46,1420.21,138.31,32.35,0.0,0.0,13.38,66.92,240.0,184.04,2721.73
8,2024-04-12,2024-03-29,2024-04-11,EMP-023,Linda Pemberton,Administrative,HOH,Yes,2384.62,0.0,2384.62,0.0,80.0,262.31,147.85,34.58,0.0,73.21,89.42,1.67,2.0,611.04,80.0,1693.58,147.85,34.58,0.0,0.0,14.31,71.54,240.0,196.74,2892.9
8,2024-04-12,2024-03-29,2024-04-11,EMP-024,Karen Yoshida,Administrative,Single,Yes,2000.0,0.0,2000.0,0.0,80.0,220.0,124.0,29.0,0.0,61.4,75.0,1.4,2.0,512.8,80.0,1407.2,124.0,29.0,0.0,0.0,12.0,60.0,240.0,165.0,2465.0
8,2024-04-12,2024-03-29,2024-04-11,EMP-025,Anthony Castellanos,Bookkeeper,Single,Yes,3076.92,0.0,3076.92,0.0,90.0,430.77,190.77,44.62,0.0,94.46,115.38,2.15,2.0,880.15,90.0,2106.77,190.77,44.62,0.0,0.0,18.46,92.31,270.0,253.85,3693.08
9,2024-04-26,2024-04-12,2024-04-25,EMP-009,Nathan Brooks,Associate,Single,Yes,7115.38,0.0,7115.38,0.0,95.0,1423.08,441.15,103.17,0.0,218.44,266.83,4.98,2.0,2459.65,95.0,4560.73,441.15,103.17,0.0,0.0,42.69,213.46,285.0,587.01,8200.85
9,2024-04-26,2024-04-12,2024-04-25,EMP-010,Aiden Park,Associate,Single,Yes,6634.62,0.0,6634.62,0.0,95.0,1326.92,411.35,96.2,0.0,203.68,248.8,4.64,2.0,2293.59,95.0,4246.03,411.35,96.2,0.0,0.0,39.81,199.04,285.0,547.36,7666.02
9,2024-04-26,2024-04-12,2024-04-25,EMP-011,Maya Reyes,Associate,MFJ,Yes,6153.85,0.0,6153.85,0.0,228.0,1230.77,381.54,89.23,0.0,188.92,230.77,4.31,2.0,2127.54,228.0,3798.31,381.54,89.23,0.0,0.0,36.92,184.62,684.0,507.69,7530.16
9,2024-04-26,2024-04-12,2024-04-25,EMP-012,Tomas Aguilar,Associate,MFJ,Yes,5673.08,0.0,5673.08,0.0,228.0,1134.62,351.73,82.26,0.0,174.16,212.74,3.97,2.0,1961.48,228.0,3483.6,351.73,82.26,0.0,0.0,34.04,170.19,684.0,468.03,6995.3
9,2024-04-26,2024-04-12,2024-04-25,EMP-013,Hannah Whitfield,Associate,MFJ,Yes,5192.31,0.0,5192.31,0.0,95.0,1038.46,321.92,75.29,0.0,159.4,194.71,3.63,2.0,1795.41,95.0,3301.9,321.92,75.29,0.0,0.0,31.15,155.77,285.0,428.36,6061.44
9,2024-04-26,2024-04-12,2024-04-25,EMP-015,Frederick Wagner,Of-Counsel,Single,No,9423.08,0.0,9423.08,0.0,228.0,2073.08,584.23,136.63,0.0,289.29,324.15,6.6,2.0,3415.98,228.0,5779.1,584.23,136.63,0.0,0.0,56.54,282.69,684.0,777.4,11167.17
9,2024-04-26,2024-04-12,2024-04-25,EMP-014,Catherine Mbeki,Of-Counsel,Single,Yes,8269.23,0.0,8269.23,0.0,95.0,1819.23,512.69,119.9,0.0,253.87,310.1,5.79,2.0,3023.58,95.0,5150.65,512.69,119.9,0.0,0.0,49.62,248.08,285.0,682.21,9484.52
9,2024-04-26,2024-04-12,2024-04-25,EMP-016,Rebecca Tanaka,Paralegal,MFJ,Yes,3538.46,0.0,3538.46,212.31,90.0,432.4,219.38,51.31,0.0,108.63,132.69,2.48,2.0,948.89,302.31,2287.26,219.38,51.31,0.0,0.0,21.23,106.15,270.0,291.92,4206.53
9,2024-04-26,2024-04-12,2024-04-25,EMP-017,Leon Beaumont,Paralegal,MFJ,Yes,3269.23,0.0,3269.23,0.0,216.0,425.0,202.69,47.4,0.0,100.37,122.6,2.29,2.0,902.35,216.0,2150.88,202.69,47.4,0.0,0.0,19.62,98.08,648.0,269.71,4285.02
9,2024-04-26,2024-04-12,2024-04-25,EMP-018,Sofia Delgado,Paralegal,MFJ,No,3000.0,0.0,3000.0,0.0,90.0,390.0,186.0,43.5,0.0,92.1,103.2,2.1,2.0,818.9,90.0,2091.1,186.0,43.5,0.0,0.0,18.0,90.0,270.0,247.5,3607.5
9,2024-04-26,2024-04-12,2024-04-25,EMP-019,Tasha Williams,Legal Assistant,Single,Yes,2615.38,0.0,2615.38,0.0,192.0,287.69,162.15,37.92,0.0,80.29,98.08,1.83,2.0,669.96,192.0,1753.42,162.15,37.92,0.0,0.0,15.69,78.46,576.0,215.76,3485.6
9,2024-04-26,2024-04-12,2024-04-25,EMP-020,Jenna Foster,Legal Assistant,HOH,Yes,2480.77,0.0,2480.77,248.08,80.0,245.6,153.81,35.97,0.0,76.16,93.03,1.74,2.0,608.31,328.08,1544.38,153.81,35.97,0.0,0.0,14.88,74.42,240.0,204.66,2999.85
9,2024-04-26,2024-04-12,2024-04-25,EMP-021,Maria Iglesias,Legal Assistant,Single,Yes,2346.15,0.0,2346.15,140.77,80.0,242.59,145.46,34.02,0.0,72.03,87.98,1.64,2.0,585.72,220.77,1539.66,145.46,34.02,0.0,0.0,14.08,70.38,240.0,193.56,2850.09
9,2024-04-26,2024-04-12,2024-04-25,EMP-022,Devin Russo,Legal Assistant,MFJ,Yes,2230.77,0.0,2230.77,178.46,80.0,225.75,138.31,32.35,0.0,68.48,83.65,1.56,2.0,552.1,258.46,1420.21,138.31,32.35,0.0,0.0,13.38,66.92,240.0,184.04,2721.73
9,2024-04-26,2024-04-12,2024-04-25,EMP-023,Linda Pemberton,Administrative,HOH,Yes,2384.62,0.0,2384.62,0.0,80.0,262.31,147.85,34.58,0.0,73.21,89.42,1.67,2.0,611.04,80.0,1693.58,147.85,34.58,0.0,0.0,14.31,71.54,240.0,196.74,2892.9
9,2024-04-26,2024-04-12,2024-04-25,EMP-024,Karen Yoshida,Administrative,Single,Yes,2000.0,0.0,2000.0,0.0,80.0,220.0,124.0,29.0,0.0,61.4,75.0,1.4,2.0,512.8,80.0,1407.2,124.0,29.0,0.0,0.0,12.0,60.0,240.0,165.0,2465.0
9,2024-04-26,2024-04-12,2024-04-25,EMP-025,Anthony Castellanos,Bookkeeper,Single,Yes,3076.92,0.0,3076.92,0.0,90.0,430.77,190.77,44.62,0.0,94.46,115.38,2.15,2.0,880.15,90.0,2106.77,190.77,44.62,0.0,0.0,18.46,92.31,270.0,253.85,3693.08
10,2024-05-10,2024-04-26,2024-05-09,EMP-009,Nathan Brooks,Associate,Single,Yes,7115.38,0.0,7115.38,0.0,95.0,1423.08,441.15,103.17,0.0,218.44,266.83,4.98,2.0,2459.65,95.0,4560.73,441.15,103.17,0.0,0.0,42.69,213.46,285.0,587.01,8200.85
10,2024-05-10,2024-04-26,2024-05-09,EMP-010,Aiden Park,Associate,Single,Yes,6634.62,0.0,6634.62,0.0,95.0,1326.92,411.35,96.2,0.0,203.68,248.8,4.64,2.0,2293.59,95.0,4246.03,411.35,96.2,0.0,0.0,39.81,199.04,285.0,547.36,7666.02
10,2024-05-10,2024-04-26,2024-05-09,EMP-011,Maya Reyes,Associate,MFJ,Yes,6153.85,0.0,6153.85,0.0,228.0,1230.77,381.54,89.23,0.0,188.92,230.77,4.31,2.0,2127.54,228.0,3798.31,381.54,89.23,0.0,0.0,36.92,184.62,684.0,507.69,7530.16
10,2024-05-10,2024-04-26,2024-05-09,EMP-012,Tomas Aguilar,Associate,MFJ,Yes,5673.08,0.0,5673.08,0.0,228.0,1134.62,351.73,82.26,0.0,174.16,212.74,3.97,2.0,1961.48,228.0,3483.6,351.73,82.26,0.0,0.0,34.04,170.19,684.0,468.03,6995.3
10,2024-05-10,2024-04-26,2024-05-09,EMP-013,Hannah Whitfield,Associate,MFJ,Yes,5192.31,0.0,5192.31,0.0,95.0,1038.46,321.92,75.29,0.0,159.4,194.71,3.63,2.0,1795.41,95.0,3301.9,321.92,75.29,0.0,0.0,31.15,155.77,285.0,428.36,6061.44
10,2024-05-10,2024-04-26,2024-05-09,EMP-015,Frederick Wagner,Of-Counsel,Single,No,9423.08,0.0,9423.08,0.0,228.0,2073.08,584.23,136.63,0.0,289.29,324.15,6.6,2.0,3415.98,228.0,5779.1,584.23,136.63,0.0,0.0,56.54,282.69,684.0,777.4,11167.17
10,2024-05-10,2024-04-26,2024-05-09,EMP-014,Catherine Mbeki,Of-Counsel,Single,Yes,8269.23,0.0,8269.23,0.0,95.0,1819.23,512.69,119.9,0.0,253.87,310.1,5.79,2.0,3023.58,95.0,5150.65,512.69,119.9,0.0,0.0,49.62,248.08,285.0,682.21,9484.52
10,2024-05-10,2024-04-26,2024-05-09,EMP-016,Rebecca Tanaka,Paralegal,MFJ,Yes,3538.46,0.0,3538.46,212.31,90.0,432.4,219.38,51.31,0.0,108.63,132.69,2.48,2.0,948.89,302.31,2287.26,219.38,51.31,0.0,0.0,21.23,106.15,270.0,291.92,4206.53
10,2024-05-10,2024-04-26,2024-05-09,EMP-017,Leon Beaumont,Paralegal,MFJ,Yes,3269.23,0.0,3269.23,0.0,216.0,425.0,202.69,47.4,0.0,100.37,122.6,2.29,2.0,902.35,216.0,2150.88,202.69,47.4,0.0,0.0,19.62,98.08,648.0,269.71,4285.02
10,2024-05-10,2024-04-26,2024-05-09,EMP-018,Sofia Delgado,Paralegal,MFJ,No,3000.0,0.0,3000.0,0.0,90.0,390.0,186.0,43.5,0.0,92.1,103.2,2.1,2.0,818.9,90.0,2091.1,186.0,43.5,0.0,0.0,18.0,90.0,270.0,247.5,3607.5
10,2024-05-10,2024-04-26,2024-05-09,EMP-019,Tasha Williams,Legal Assistant,Single,Yes,2615.38,0.0,2615.38,0.0,192.0,287.69,162.15,37.92,0.0,80.29,98.08,1.83,2.0,669.96,192.0,1753.42,162.15,37.92,0.0,0.0,15.69,78.46,576.0,215.76,3485.6
10,2024-05-10,2024-04-26,2024-05-09,EMP-020,Jenna Foster,Legal Assistant,HOH,Yes,2480.77,0.0,2480.77,248.08,80.0,245.6,153.81,35.97,0.0,76.16,93.03,1.74,2.0,608.31,328.08,1544.38,153.81,35.97,0.0,0.0,14.88,74.42,240.0,204.66,2999.85
10,2024-05-10,2024-04-26,2024-05-09,EMP-021,Maria Iglesias,Legal Assistant,Single,Yes,2346.15,0.0,2346.15,140.77,80.0,242.59,145.46,34.02,0.0,72.03,87.98,1.64,2.0,585.72,220.77,1539.66,145.46,34.02,0.0,0.0,14.08,70.38,240.0,193.56,2850.09
10,2024-05-10,2024-04-26,2024-05-09,EMP-022,Devin Russo,Legal Assistant,MFJ,Yes,2230.77,0.0,2230.77,178.46,80.0,225.75,138.31,32.35,0.0,68.48,83.65,1.56,2.0,552.1,258.46,1420.21,138.31,32.35,0.0,0.0,13.38,66.92,240.0,184.04,2721.73
10,2024-05-10,2024-04-26,2024-05-09,EMP-023,Linda Pemberton,Administrative,HOH,Yes,2384.62,0.0,2384.62,0.0,80.0,262.31,147.85,34.58,0.0,73.21,89.42,1.67,2.0,611.04,80.0,1693.58,147.85,34.58,0.0,0.0,14.31,71.54,240.0,196.74,2892.9
10,2024-05-10,2024-04-26,2024-05-09,EMP-024,Karen Yoshida,Administrative,Single,Yes,2000.0,0.0,2000.0,0.0,80.0,220.0,124.0,29.0,0.0,61.4,75.0,1.4,2.0,512.8,80.0,1407.2,124.0,29.0,0.0,0.0,12.0,60.0,240.0,165.0,2465.0
10,2024-05-10,2024-04-26,2024-05-09,EMP-025,Anthony Castellanos,Bookkeeper,Single,Yes,3076.92,0.0,3076.92,0.0,90.0,430.77,190.77,44.62,0.0,94.46,115.38,2.15,2.0,880.15,90.0,2106.77,190.77,44.62,0.0,0.0,18.46,92.31,270.0,253.85,3693.08
11,2024-05-24,2024-05-10,2024-05-23,EMP-009,Nathan Brooks,Associate,Single,Yes,7115.38,0.0,7115.38,0.0,95.0,1423.08,441.15,103.17,0.0,218.44,266.83,4.98,2.0,2459.65,95.0,4560.73,441.15,103.17,0.0,0.0,42.69,213.46,285.0,587.01,8200.85
11,2024-05-24,2024-05-10,2024-05-23,EMP-010,Aiden Park,Associate,Single,Yes,6634.62,0.0,6634.62,0.0,95.0,1326.92,411.35,96.2,0.0,203.68,248.8,4.64,2.0,2293.59,95.0,4246.03,411.35,96.2,0.0,0.0,39.81,199.04,285.0,547.36,7666.02
11,2024-05-24,2024-05-10,2024-05-23,EMP-011,Maya Reyes,Associate,MFJ,Yes,6153.85,0.0,6153.85,0.0,228.0,1230.77,381.54,89.23,0.0,188.92,230.77,4.31,2.0,2127.54,228.0,3798.31,381.54,89.23,0.0,0.0,36.92,184.62,684.0,507.69,7530.16
11,2024-05-24,2024-05-10,2024-05-23,EMP-012,Tomas Aguilar,Associate,MFJ,Yes,5673.08,0.0,5673.08,0.0,228.0,1134.62,351.73,82.26,0.0,174.16,212.74,3.97,2.0,1961.48,228.0,3483.6,351.73,82.26,0.0,0.0,34.04,170.19,684.0,468.03,6995.3
11,2024-05-24,2024-05-10,2024-05-23,EMP-013,Hannah Whitfield,Associate,MFJ,Yes,5192.31,0.0,5192.31,0.0,95.0,1038.46,321.92,75.29,0.0,159.4,194.71,3.63,2.0,1795.41,95.0,3301.9,321.92,75.29,0.0,0.0,31.15,155.77,285.0,428.36,6061.44
11,2024-05-24,2024-05-10,2024-05-23,EMP-015,Frederick Wagner,Of-Counsel,Single,No,9423.08,0.0,9423.08,0.0,228.0,2073.08,584.23,136.63,0.0,289.29,324.15,6.6,2.0,3415.98,228.0,5779.1,584.23,136.63,0.0,0.0,56.54,282.69,684.0,777.4,11167.17
11,2024-05-24,2024-05-10,2024-05-23,EMP-014,Catherine Mbeki,Of-Counsel,Single,Yes,8269.23,0.0,8269.23,0.0,95.0,1819.23,512.69,119.9,0.0,253.87,310.1,5.79,2.0,3023.58,95.0,5150.65,512.69,119.9,0.0,0.0,49.62,248.08,285.0,682.21,9484.52
11,2024-05-24,2024-05-10,2024-05-23,EMP-016,Rebecca Tanaka,Paralegal,MFJ,Yes,3538.46,0.0,3538.46,212.31,90.0,432.4,219.38,51.31,0.0,108.63,132.69,2.48,2.0,948.89,302.31,2287.26,219.38,51.31,0.0,0.0,21.23,106.15,270.0,291.92,4206.53
11,2024-05-24,2024-05-10,2024-05-23,EMP-017,Leon Beaumont,Paralegal,MFJ,Yes,3269.23,0.0,3269.23,0.0,216.0,425.0,202.69,47.4,0.0,100.37,122.6,2.29,2.0,902.35,216.0,2150.88,202.69,47.4,0.0,0.0,19.62,98.08,648.0,269.71,4285.02
11,2024-05-24,2024-05-10,2024-05-23,EMP-018,Sofia Delgado,Paralegal,MFJ,No,3000.0,0.0,3000.0,0.0,90.0,390.0,186.0,43.5,0.0,92.1,103.2,2.1,2.0,818.9,90.0,2091.1,186.0,43.5,0.0,0.0,18.0,90.0,270.0,247.5,3607.5
11,2024-05-24,2024-05-10,2024-05-23,EMP-019,Tasha Williams,Legal Assistant,Single,Yes,2615.38,0.0,2615.38,0.0,192.0,287.69,162.15,37.92,0.0,80.29,98.08,1.83,2.0,669.96,192.0,1753.42,162.15,37.92,0.0,0.0,15.69,78.46,576.0,215.76,3485.6
11,2024-05-24,2024-05-10,2024-05-23,EMP-020,Jenna Foster,Legal Assistant,HOH,Yes,2480.77,0.0,2480.77,248.08,80.0,245.6,153.81,35.97,0.0,76.16,93.03,1.74,2.0,608.31,328.08,1544.38,153.81,35.97,0.0,0.0,14.88,74.42,240.0,204.66,2999.85
11,2024-05-24,2024-05-10,2024-05-23,EMP-021,Maria Iglesias,Legal Assistant,Single,Yes,2346.15,0.0,2346.15,140.77,80.0,242.59,145.46,34.02,0.0,72.03,87.98,1.64,2.0,585.72,220.77,1539.66,145.46,34.02,0.0,0.0,14.08,70.38,240.0,193.56,2850.09
11,2024-05-24,2024-05-10,2024-05-23,EMP-022,Devin Russo,Legal Assistant,MFJ,Yes,2230.77,0.0,2230.77,178.46,80.0,225.75,138.31,32.35,0.0,68.48,83.65,1.56,2.0,552.1,258.46,1420.21,138.31,32.35,0.0,0.0,13.38,66.92,240.0,184.04,2721.73
11,2024-05-24,2024-05-10,2024-05-23,EMP-023,Linda Pemberton,Administrative,HOH,Yes,2384.62,0.0,2384.62,0.0,80.0,262.31,147.85,34.58,0.0,73.21,89.42,1.67,2.0,611.04,80.0,1693.58,147.85,34.58,0.0,0.0,14.31,71.54,240.0,196.74,2892.9
11,2024-05-24,2024-05-10,2024-05-23,EMP-024,Karen Yoshida,Administrative,Single,Yes,2000.0,0.0,2000.0,0.0,80.0,220.0,124.0,29.0,0.0,61.4,75.0,1.4,2.0,512.8,80.0,1407.2,124.0,29.0,0.0,0.0,12.0,60.0,240.0,165.0,2465.0
11,2024-05-24,2024-05-10,2024-05-23,EMP-025,Anthony Castellanos,Bookkeeper,Single,Yes,3076.92,0.0,3076.92,0.0,90.0,430.77,190.77,44.62,0.0,94.46,115.38,2.15,2.0,880.15,90.0,2106.77,190.77,44.62,0.0,0.0,18.46,92.31,270.0,253.85,3693.08
12,2024-06-07,2024-05-24,2024-06-06,EMP-009,Nathan Brooks,Associate,Single,Yes,7115.38,0.0,7115.38,0.0,95.0,1423.08,441.15,103.17,0.0,218.44,266.83,4.98,2.0,2459.65,95.0,4560.73,441.15,103.17,0.0,0.0,42.69,213.46,285.0,587.01,8200.85
12,2024-06-07,2024-05-24,2024-06-06,EMP-010,Aiden Park,Associate,Single,Yes,6634.62,0.0,6634.62,0.0,95.0,1326.92,411.35,96.2,0.0,203.68,248.8,4.64,2.0,2293.59,95.0,4246.03,411.35,96.2,0.0,0.0,39.81,199.04,285.0,547.36,7666.02
12,2024-06-07,2024-05-24,2024-06-06,EMP-011,Maya Reyes,Associate,MFJ,Yes,6153.85,0.0,6153.85,0.0,228.0,1230.77,381.54,89.23,0.0,188.92,230.77,4.31,2.0,2127.54,228.0,3798.31,381.54,89.23,0.0,0.0,36.92,184.62,684.0,507.69,7530.16
12,2024-06-07,2024-05-24,2024-06-06,EMP-012,Tomas Aguilar,Associate,MFJ,Yes,5673.08,0.0,5673.08,0.0,228.0,1134.62,351.73,82.26,0.0,174.16,212.74,3.97,2.0,1961.48,228.0,3483.6,351.73,82.26,0.0,0.0,34.04,170.19,684.0,468.03,6995.3
12,2024-06-07,2024-05-24,2024-06-06,EMP-013,Hannah Whitfield,Associate,MFJ,Yes,5192.31,0.0,5192.31,0.0,95.0,1038.46,321.92,75.29,0.0,159.4,194.71,3.63,2.0,1795.41,95.0,3301.9,321.92,75.29,0.0,0.0,31.15,155.77,285.0,428.36,6061.44
12,2024-06-07,2024-05-24,2024-06-06,EMP-015,Frederick Wagner,Of-Counsel,Single,No,9423.08,0.0,9423.08,0.0,228.0,2073.08,584.23,136.63,0.0,289.29,324.15,6.6,2.0,3415.98,228.0,5779.1,584.23,136.63,0.0,0.0,56.54,282.69,684.0,777.4,11167.17
12,2024-06-07,2024-05-24,2024-06-06,EMP-014,Catherine Mbeki,Of-Counsel,Single,Yes,8269.23,0.0,8269.23,0.0,95.0,1819.23,512.69,119.9,0.0,253.87,310.1,5.79,2.0,3023.58,95.0,5150.65,512.69,119.9,0.0,0.0,49.62,248.08,285.0,682.21,9484.52
12,2024-06-07,2024-05-24,2024-06-06,EMP-016,Rebecca Tanaka,Paralegal,MFJ,Yes,3538.46,0.0,3538.46,212.31,90.0,432.4,219.38,51.31,0.0,108.63,132.69,2.48,2.0,948.89,302.31,2287.26,219.38,51.31,0.0,0.0,21.23,106.15,270.0,291.92,4206.53
12,2024-06-07,2024-05-24,2024-06-06,EMP-017,Leon Beaumont,Paralegal,MFJ,Yes,3269.23,0.0,3269.23,0.0,216.0,425.0,202.69,47.4,0.0,100.37,122.6,2.29,2.0,902.35,216.0,2150.88,202.69,47.4,0.0,0.0,19.62,98.08,648.0,269.71,4285.02
12,2024-06-07,2024-05-24,2024-06-06,EMP-018,Sofia Delgado,Paralegal,MFJ,No,3000.0,0.0,3000.0,0.0,90.0,390.0,186.0,43.5,0.0,92.1,103.2,2.1,2.0,818.9,90.0,2091.1,186.0,43.5,0.0,0.0,18.0,90.0,270.0,247.5,3607.5
12,2024-06-07,2024-05-24,2024-06-06,EMP-019,Tasha Williams,Legal Assistant,Single,Yes,2615.38,0.0,2615.38,0.0,192.0,287.69,162.15,37.92,0.0,80.29,98.08,1.83,2.0,669.96,192.0,1753.42,162.15,37.92,0.0,0.0,15.69,78.46,576.0,215.76,3485.6
12,2024-06-07,2024-05-24,2024-06-06,EMP-020,Jenna Foster,Legal Assistant,HOH,Yes,2480.77,0.0,2480.77,248.08,80.0,245.6,153.81,35.97,0.0,76.16,93.03,1.74,2.0,608.31,328.08,1544.38,153.81,35.97,0.0,0.0,14.88,74.42,240.0,204.66,2999.85
12,2024-06-07,2024-05-24,2024-06-06,EMP-021,Maria Iglesias,Legal Assistant,Single,Yes,2346.15,0.0,2346.15,140.77,80.0,242.59,145.46,34.02,0.0,72.03,87.98,1.64,2.0,585.72,220.77,1539.66,145.46,34.02,0.0,0.0,14.08,70.38,240.0,193.56,2850.09
12,2024-06-07,2024-05-24,2024-06-06,EMP-022,Devin Russo,Legal Assistant,MFJ,Yes,2230.77,0.0,2230.77,178.46,80.0,225.75,138.31,32.35,0.0,68.48,83.65,1.56,2.0,552.1,258.46,1420.21,138.31,32.35,0.0,0.0,13.38,66.92,240.0,184.04,2721.73
12,2024-06-07,2024-05-24,2024-06-06,EMP-023,Linda Pemberton,Administrative,HOH,Yes,2384.62,0.0,2384.62,0.0,80.0,262.31,147.85,34.58,0.0,73.21,89.42,1.67,2.0,611.04,80.0,1693.58,147.85,34.58,0.0,0.0,14.31,71.54,240.0,196.74,2892.9
12,2024-06-07,2024-05-24,2024-06-06,EMP-024,Karen Yoshida,Administrative,Single,Yes,2000.0,0.0,2000.0,0.0,80.0,220.0,124.0,29.0,0.0,61.4,75.0,1.4,2.0,512.8,80.0,1407.2,124.0,29.0,0.0,0.0,12.0,60.0,240.0,165.0,2465.0
12,2024-06-07,2024-05-24,2024-06-06,EMP-025,Anthony Castellanos,Bookkeeper,Single,Yes,3076.92,0.0,3076.92,0.0,90.0,430.77,190.77,44.62,0.0,94.46,115.38,2.15,2.0,880.15,90.0,2106.77,190.77,44.62,0.0,0.0,18.46,92.31,270.0,253.85,3693.08
13,2024-06-21,2024-06-07,2024-06-20,EMP-009,Nathan Brooks,Associate,Single,Yes,7115.38,0.0,7115.38,0.0,95.0,1423.08,441.15,103.17,0.0,218.44,266.83,4.98,2.0,2459.65,95.0,4560.73,441.15,103.17,0.0,0.0,42.69,213.46,285.0,587.01,8200.85
13,2024-06-21,2024-06-07,2024-06-20,EMP-010,Aiden Park,Associate,Single,Yes,6634.62,0.0,6634.62,0.0,95.0,1326.92,411.35,96.2,0.0,203.68,248.8,4.64,2.0,2293.59,95.0,4246.03,411.35,96.2,0.0,0.0,39.81,199.04,285.0,547.36,7666.02
13,2024-06-21,2024-06-07,2024-06-20,EMP-011,Maya Reyes,Associate,MFJ,Yes,6153.85,0.0,6153.85,0.0,228.0,1230.77,381.54,89.23,0.0,188.92,230.77,4.31,2.0,2127.54,228.0,3798.31,381.54,89.23,0.0,0.0,36.92,184.62,684.0,507.69,7530.16
13,2024-06-21,2024-06-07,2024-06-20,EMP-012,Tomas Aguilar,Associate,MFJ,Yes,5673.08,0.0,5673.08,0.0,228.0,1134.62,351.73,82.26,0.0,174.16,212.74,3.97,2.0,1961.48,228.0,3483.6,351.73,82.26,0.0,0.0,34.04,170.19,684.0,468.03,6995.3
13,2024-06-21,2024-06-07,2024-06-20,EMP-013,Hannah Whitfield,Associate,MFJ,Yes,5192.31,0.0,5192.31,0.0,95.0,1038.46,321.92,75.29,0.0,159.4,194.71,3.63,2.0,1795.41,95.0,3301.9,321.92,75.29,0.0,0.0,31.15,155.77,285.0,428.36,6061.44
13,2024-06-21,2024-06-07,2024-06-20,EMP-015,Frederick Wagner,Of-Counsel,Single,No,9423.08,0.0,9423.08,0.0,228.0,2073.08,584.23,136.63,0.0,289.29,324.15,6.6,2.0,3415.98,228.0,5779.1,584.23,136.63,0.0,0.0,56.54,282.69,684.0,777.4,11167.17
13,2024-06-21,2024-06-07,2024-06-20,EMP-014,Catherine Mbeki,Of-Counsel,Single,Yes,8269.23,0.0,8269.23,0.0,95.0,1819.23,512.69,119.9,0.0,253.87,310.1,5.79,2.0,3023.58,95.0,5150.65,512.69,119.9,0.0,0.0,49.62,248.08,285.0,682.21,9484.52
13,2024-06-21,2024-06-07,2024-06-20,EMP-016,Rebecca Tanaka,Paralegal,MFJ,Yes,3538.46,0.0,3538.46,212.31,90.0,432.4,219.38,51.31,0.0,108.63,132.69,2.48,2.0,948.89,302.31,2287.26,219.38,51.31,0.0,0.0,21.23,106.15,270.0,291.92,4206.53
13,2024-06-21,2024-06-07,2024-06-20,EMP-017,Leon Beaumont,Paralegal,MFJ,Yes,3269.23,0.0,3269.23,0.0,216.0,425.0,202.69,47.4,0.0,100.37,122.6,2.29,2.0,902.35,216.0,2150.88,202.69,47.4,0.0,0.0,19.62,98.08,648.0,269.71,4285.02
13,2024-06-21,2024-06-07,2024-06-20,EMP-018,Sofia Delgado,Paralegal,MFJ,No,3000.0,0.0,3000.0,0.0,90.0,390.0,186.0,43.5,0.0,92.1,103.2,2.1,2.0,818.9,90.0,2091.1,186.0,43.5,0.0,0.0,18.0,90.0,270.0,247.5,3607.5
13,2024-06-21,2024-06-07,2024-06-20,EMP-019,Tasha Williams,Legal Assistant,Single,Yes,2615.38,0.0,2615.38,0.0,192.0,287.69,162.15,37.92,0.0,80.29,98.08,1.83,2.0,669.96,192.0,1753.42,162.15,37.92,0.0,0.0,15.69,78.46,576.0,215.76,3485.6
13,2024-06-21,2024-06-07,2024-06-20,EMP-020,Jenna Foster,Legal Assistant,HOH,Yes,2480.77,0.0,2480.77,248.08,80.0,245.6,153.81,35.97,0.0,76.16,93.03,1.74,2.0,608.31,328.08,1544.38,153.81,35.97,0.0,0.0,14.88,74.42,240.0,204.66,2999.85
13,2024-06-21,2024-06-07,2024-06-20,EMP-021,Maria Iglesias,Legal Assistant,Single,Yes,2346.15,0.0,2346.15,140.77,80.0,242.59,145.46,34.02,0.0,72.03,87.98,1.64,2.0,585.72,220.77,1539.66,145.46,34.02,0.0,0.0,14.08,70.38,240.0,193.56,2850.09
13,2024-06-21,2024-06-07,2024-06-20,EMP-022,Devin Russo,Legal Assistant,MFJ,Yes,2230.77,0.0,2230.77,178.46,80.0,225.75,138.31,32.35,0.0,68.48,83.65,1.56,2.0,552.1,258.46,1420.21,138.31,32.35,0.0,0.0,13.38,66.92,240.0,184.04,2721.73
13,2024-06-21,2024-06-07,2024-06-20,EMP-023,Linda Pemberton,Administrative,HOH,Yes,2384.62,0.0,2384.62,0.0,80.0,262.31,147.85,34.58,0.0,73.21,89.42,1.67,2.0,611.04,80.0,1693.58,147.85,34.58,0.0,0.0,14.31,71.54,240.0,196.74,2892.9
13,2024-06-21,2024-06-07,2024-06-20,EMP-024,Karen Yoshida,Administrative,Single,Yes,2000.0,0.0,2000.0,0.0,80.0,220.0,124.0,29.0,0.0,61.4,75.0,1.4,2.0,512.8,80.0,1407.2,124.0,29.0,0.0,0.0,12.0,60.0,240.0,165.0,2465.0
13,2024-06-21,2024-06-07,2024-06-20,EMP-025,Anthony Castellanos,Bookkeeper,Single,Yes,3076.92,0.0,3076.92,0.0,90.0,430.77,190.77,44.62,0.0,94.46,115.38,2.15,2.0,880.15,90.0,2106.77,190.77,44.62,0.0,0.0,18.46,92.31,270.0,253.85,3693.08
14,2024-07-03,2024-06-21,2024-07-04,EMP-009,Nathan Brooks,Associate,Single,Yes,7115.38,0.0,7115.38,0.0,95.0,1423.08,441.15,103.17,0.0,218.44,266.83,4.98,2.0,2459.65,95.0,4560.73,441.15,103.17,0.0,0.0,42.69,213.46,285.0,587.01,8200.85
14,2024-07-03,2024-06-21,2024-07-04,EMP-010,Aiden Park,Associate,Single,Yes,6634.62,0.0,6634.62,0.0,95.0,1326.92,411.35,96.2,0.0,203.68,248.8,4.64,2.0,2293.59,95.0,4246.03,411.35,96.2,0.0,0.0,39.81,199.04,285.0,547.36,7666.02
14,2024-07-03,2024-06-21,2024-07-04,EMP-011,Maya Reyes,Associate,MFJ,Yes,6153.85,0.0,6153.85,0.0,228.0,1230.77,381.54,89.23,0.0,188.92,230.77,4.31,2.0,2127.54,228.0,3798.31,381.54,89.23,0.0,0.0,36.92,184.62,684.0,507.69,7530.16
14,2024-07-03,2024-06-21,2024-07-04,EMP-012,Tomas Aguilar,Associate,MFJ,Yes,5673.08,0.0,5673.08,0.0,228.0,1134.62,351.73,82.26,0.0,174.16,212.74,3.97,2.0,1961.48,228.0,3483.6,351.73,82.26,0.0,0.0,34.04,170.19,684.0,468.03,6995.3
14,2024-07-03,2024-06-21,2024-07-04,EMP-013,Hannah Whitfield,Associate,MFJ,Yes,5192.31,0.0,5192.31,0.0,95.0,1038.46,321.92,75.29,0.0,159.4,194.71,3.63,2.0,1795.41,95.0,3301.9,321.92,75.29,0.0,0.0,31.15,155.77,285.0,428.36,6061.44
14,2024-07-03,2024-06-21,2024-07-04,EMP-015,Frederick Wagner,Of-Counsel,Single,No,9423.08,0.0,9423.08,0.0,228.0,2073.08,584.23,136.63,0.0,289.29,324.15,6.6,2.0,3415.98,228.0,5779.1,584.23,136.63,0.0,0.0,56.54,282.69,684.0,777.4,11167.17
14,2024-07-03,2024-06-21,2024-07-04,EMP-014,Catherine Mbeki,Of-Counsel,Single,Yes,8269.23,0.0,8269.23,0.0,95.0,1819.23,512.69,119.9,0.0,253.87,310.1,5.79,2.0,3023.58,95.0,5150.65,512.69,119.9,0.0,0.0,49.62,248.08,285.0,682.21,9484.52
14,2024-07-03,2024-06-21,2024-07-04,EMP-016,Rebecca Tanaka,Paralegal,MFJ,Yes,3538.46,0.0,3538.46,212.31,90.0,432.4,219.38,51.31,0.0,108.63,132.69,2.48,2.0,948.89,302.31,2287.26,219.38,51.31,0.0,0.0,21.23,106.15,270.0,291.92,4206.53
14,2024-07-03,2024-06-21,2024-07-04,EMP-017,Leon Beaumont,Paralegal,MFJ,Yes,3269.23,0.0,3269.23,0.0,216.0,425.0,202.69,47.4,0.0,100.37,122.6,2.29,2.0,902.35,216.0,2150.88,202.69,47.4,0.0,0.0,19.62,98.08,648.0,269.71,4285.02
14,2024-07-03,2024-06-21,2024-07-04,EMP-018,Sofia Delgado,Paralegal,MFJ,No,3000.0,0.0,3000.0,0.0,90.0,390.0,186.0,43.5,0.0,92.1,103.2,2.1,2.0,818.9,90.0,2091.1,186.0,43.5,0.0,0.0,18.0,90.0,270.0,247.5,3607.5
14,2024-07-03,2024-06-21,2024-07-04,EMP-019,Tasha Williams,Legal Assistant,Single,Yes,2615.38,0.0,2615.38,0.0,192.0,287.69,162.15,37.92,0.0,80.29,98.08,1.83,2.0,669.96,192.0,1753.42,162.15,37.92,0.0,0.0,15.69,78.46,576.0,215.76,3485.6
14,2024-07-03,2024-06-21,2024-07-04,EMP-020,Jenna Foster,Legal Assistant,HOH,Yes,2480.77,0.0,2480.77,248.08,80.0,245.6,153.81,35.97,0.0,76.16,93.03,1.74,2.0,608.31,328.08,1544.38,153.81,35.97,0.0,0.0,14.88,74.42,240.0,204.66,2999.85
14,2024-07-03,2024-06-21,2024-07-04,EMP-021,Maria Iglesias,Legal Assistant,Single,Yes,2346.15,0.0,2346.15,140.77,80.0,242.59,145.46,34.02,0.0,72.03,87.98,1.64,2.0,585.72,220.77,1539.66,145.46,34.02,0.0,0.0,14.08,70.38,240.0,193.56,2850.09
14,2024-07-03,2024-06-21,2024-07-04,EMP-022,Devin Russo,Legal Assistant,MFJ,Yes,2230.77,0.0,2230.77,178.46,80.0,225.75,138.31,32.35,0.0,68.48,83.65,1.56,2.0,552.1,258.46,1420.21,138.31,32.35,0.0,0.0,13.38,66.92,240.0,184.04,2721.73
14,2024-07-03,2024-06-21,2024-07-04,EMP-023,Linda Pemberton,Administrative,HOH,Yes,2384.62,0.0,2384.62,0.0,80.0,262.31,147.85,34.58,0.0,73.21,89.42,1.67,2.0,611.04,80.0,1693.58,147.85,34.58,0.0,0.0,14.31,71.54,240.0,196.74,2892.9
14,2024-07-03,2024-06-21,2024-07-04,EMP-024,Karen Yoshida,Administrative,Single,Yes,2000.0,0.0,2000.0,0.0,80.0,220.0,124.0,29.0,0.0,61.4,75.0,1.4,2.0,512.8,80.0,1407.2,124.0,29.0,0.0,0.0,12.0,60.0,240.0,165.0,2465.0
14,2024-07-03,2024-06-21,2024-07-04,EMP-025,Anthony Castellanos,Bookkeeper,Single,Yes,3076.92,0.0,3076.92,0.0,90.0,430.77,190.77,44.62,0.0,94.46,115.38,2.15,2.0,880.15,90.0,2106.77,190.77,44.62,0.0,0.0,18.46,92.31,270.0,253.85,3693.08
15,2024-07-19,2024-07-05,2024-07-18,EMP-009,Nathan Brooks,Associate,Single,Yes,7115.38,0.0,7115.38,0.0,95.0,1423.08,441.15,103.17,0.0,218.44,266.83,4.98,2.0,2459.65,95.0,4560.73,441.15,103.17,0.0,0.0,42.69,213.46,285.0,587.01,8200.85
15,2024-07-19,2024-07-05,2024-07-18,EMP-010,Aiden Park,Associate,Single,Yes,6634.62,0.0,6634.62,0.0,95.0,1326.92,411.35,96.2,0.0,203.68,248.8,4.64,2.0,2293.59,95.0,4246.03,411.35,96.2,0.0,0.0,39.81,199.04,285.0,547.36,7666.02
15,2024-07-19,2024-07-05,2024-07-18,EMP-011,Maya Reyes,Associate,MFJ,Yes,6153.85,0.0,6153.85,0.0,228.0,1230.77,381.54,89.23,0.0,188.92,230.77,4.31,2.0,2127.54,228.0,3798.31,381.54,89.23,0.0,0.0,36.92,184.62,684.0,507.69,7530.16
15,2024-07-19,2024-07-05,2024-07-18,EMP-012,Tomas Aguilar,Associate,MFJ,Yes,5673.08,0.0,5673.08,0.0,228.0,1134.62,351.73,82.26,0.0,174.16,212.74,3.97,2.0,1961.48,228.0,3483.6,351.73,82.26,0.0,0.0,34.04,170.19,684.0,468.03,6995.3
15,2024-07-19,2024-07-05,2024-07-18,EMP-013,Hannah Whitfield,Associate,MFJ,Yes,5192.31,0.0,5192.31,0.0,95.0,1038.46,321.92,75.29,0.0,159.4,194.71,3.63,2.0,1795.41,95.0,3301.9,321.92,75.29,0.0,0.0,31.15,155.77,285.0,428.36,6061.44
15,2024-07-19,2024-07-05,2024-07-18,EMP-015,Frederick Wagner,Of-Counsel,Single,No,9423.08,0.0,9423.08,0.0,228.0,2073.08,584.23,136.63,0.0,289.29,324.15,6.6,2.0,3415.98,228.0,5779.1,584.23,136.63,0.0,0.0,56.54,282.69,684.0,777.4,11167.17
15,2024-07-19,2024-07-05,2024-07-18,EMP-014,Catherine Mbeki,Of-Counsel,Single,Yes,8269.23,0.0,8269.23,0.0,95.0,1819.23,512.69,119.9,0.0,253.87,310.1,5.79,2.0,3023.58,95.0,5150.65,512.69,119.9,0.0,0.0,49.62,248.08,285.0,682.21,9484.52
15,2024-07-19,2024-07-05,2024-07-18,EMP-016,Rebecca Tanaka,Paralegal,MFJ,Yes,3538.46,0.0,3538.46,212.31,90.0,432.4,219.38,51.31,0.0,108.63,132.69,2.48,2.0,948.89,302.31,2287.26,219.38,51.31,0.0,0.0,21.23,106.15,270.0,291.92,4206.53
15,2024-07-19,2024-07-05,2024-07-18,EMP-017,Leon Beaumont,Paralegal,MFJ,Yes,3269.23,0.0,3269.23,0.0,216.0,425.0,202.69,47.4,0.0,100.37,122.6,2.29,2.0,902.35,216.0,2150.88,202.69,47.4,0.0,0.0,19.62,98.08,648.0,269.71,4285.02
15,2024-07-19,2024-07-05,2024-07-18,EMP-018,Sofia Delgado,Paralegal,MFJ,No,3000.0,0.0,3000.0,0.0,90.0,390.0,186.0,43.5,0.0,92.1,103.2,2.1,2.0,818.9,90.0,2091.1,186.0,43.5,0.0,0.0,18.0,90.0,270.0,247.5,3607.5
15,2024-07-19,2024-07-05,2024-07-18,EMP-019,Tasha Williams,Legal Assistant,Single,Yes,2615.38,0.0,2615.38,0.0,192.0,287.69,162.15,37.92,0.0,80.29,98.08,1.83,2.0,669.96,192.0,1753.42,162.15,37.92,0.0,0.0,15.69,78.46,576.0,215.76,3485.6
15,2024-07-19,2024-07-05,2024-07-18,EMP-020,Jenna Foster,Legal Assistant,HOH,Yes,2480.77,0.0,2480.77,248.08,80.0,245.6,153.81,35.97,0.0,76.16,93.03,1.74,2.0,608.31,328.08,1544.38,153.81,35.97,0.0,0.0,14.88,74.42,240.0,204.66,2999.85
15,2024-07-19,2024-07-05,2024-07-18,EMP-021,Maria Iglesias,Legal Assistant,Single,Yes,2346.15,0.0,2346.15,140.77,80.0,242.59,145.46,34.02,0.0,72.03,87.98,1.64,2.0,585.72,220.77,1539.66,145.46,34.02,0.0,0.0,14.08,70.38,240.0,193.56,2850.09
15,2024-07-19,2024-07-05,2024-07-18,EMP-022,Devin Russo,Legal Assistant,MFJ,Yes,2230.77,0.0,2230.77,178.46,80.0,225.75,138.31,32.35,0.0,68.48,83.65,1.56,2.0,552.1,258.46,1420.21,138.31,32.35,0.0,0.0,13.38,66.92,240.0,184.04,2721.73
15,2024-07-19,2024-07-05,2024-07-18,EMP-023,Linda Pemberton,Administrative,HOH,Yes,2384.62,0.0,2384.62,0.0,80.0,262.31,147.85,34.58,0.0,73.21,89.42,1.67,2.0,611.04,80.0,1693.58,147.85,34.58,0.0,0.0,14.31,71.54,240.0,196.74,2892.9
15,2024-07-19,2024-07-05,2024-07-18,EMP-024,Karen Yoshida,Administrative,Single,Yes,2000.0,0.0,2000.0,0.0,80.0,220.0,124.0,29.0,0.0,61.4,75.0,1.4,2.0,512.8,80.0,1407.2,124.0,29.0,0.0,0.0,12.0,60.0,240.0,165.0,2465.0
15,2024-07-19,2024-07-05,2024-07-18,EMP-025,Anthony Castellanos,Bookkeeper,Single,Yes,3076.92,0.0,3076.92,0.0,90.0,430.77,190.77,44.62,0.0,94.46,115.38,2.15,2.0,880.15,90.0,2106.77,190.77,44.62,0.0,0.0,18.46,92.31,270.0,253.85,3693.08
16,2024-08-02,2024-07-19,2024-08-01,EMP-009,Nathan Brooks,Associate,Single,Yes,7115.38,0.0,7115.38,0.0,95.0,1423.08,441.15,103.17,0.0,218.44,266.83,4.98,2.0,2459.65,95.0,4560.73,441.15,103.17,0.0,0.0,42.69,213.46,285.0,587.01,8200.85
16,2024-08-02,2024-07-19,2024-08-01,EMP-010,Aiden Park,Associate,Single,Yes,6634.62,0.0,6634.62,0.0,95.0,1326.92,411.35,96.2,0.0,203.68,248.8,4.64,2.0,2293.59,95.0,4246.03,411.35,96.2,0.0,0.0,39.81,199.04,285.0,547.36,7666.02
16,2024-08-02,2024-07-19,2024-08-01,EMP-011,Maya Reyes,Associate,MFJ,Yes,6153.85,0.0,6153.85,0.0,228.0,1230.77,381.54,89.23,0.0,188.92,230.77,4.31,2.0,2127.54,228.0,3798.31,381.54,89.23,0.0,0.0,36.92,184.62,684.0,507.69,7530.16
16,2024-08-02,2024-07-19,2024-08-01,EMP-012,Tomas Aguilar,Associate,MFJ,Yes,5673.08,0.0,5673.08,0.0,228.0,1134.62,351.73,82.26,0.0,174.16,212.74,3.97,2.0,1961.48,228.0,3483.6,351.73,82.26,0.0,0.0,34.04,170.19,684.0,468.03,6995.3
16,2024-08-02,2024-07-19,2024-08-01,EMP-013,Hannah Whitfield,Associate,MFJ,Yes,5192.31,0.0,5192.31,0.0,95.0,1038.46,321.92,75.29,0.0,159.4,194.71,3.63,2.0,1795.41,95.0,3301.9,321.92,75.29,0.0,0.0,31.15,155.77,285.0,428.36,6061.44
16,2024-08-02,2024-07-19,2024-08-01,EMP-015,Frederick Wagner,Of-Counsel,Single,No,9423.08,0.0,9423.08,0.0,228.0,2073.08,584.23,136.63,0.0,289.29,324.15,6.6,2.0,3415.98,228.0,5779.1,584.23,136.63,0.0,0.0,56.54,282.69,684.0,777.4,11167.17
16,2024-08-02,2024-07-19,2024-08-01,EMP-014,Catherine Mbeki,Of-Counsel,Single,Yes,8269.23,0.0,8269.23,0.0,95.0,1819.23,512.69,119.9,0.0,253.87,310.1,5.79,2.0,3023.58,95.0,5150.65,512.69,119.9,0.0,0.0,49.62,248.08,285.0,682.21,9484.52
16,2024-08-02,2024-07-19,2024-08-01,EMP-016,Rebecca Tanaka,Paralegal,MFJ,Yes,3538.46,0.0,3538.46,212.31,90.0,432.4,219.38,51.31,0.0,108.63,132.69,2.48,2.0,948.89,302.31,2287.26,219.38,51.31,0.0,0.0,21.23,106.15,270.0,291.92,4206.53
16,2024-08-02,2024-07-19,2024-08-01,EMP-017,Leon Beaumont,Paralegal,MFJ,Yes,3269.23,0.0,3269.23,0.0,216.0,425.0,202.69,47.4,0.0,100.37,122.6,2.29,2.0,902.35,216.0,2150.88,202.69,47.4,0.0,0.0,19.62,98.08,648.0,269.71,4285.02
16,2024-08-02,2024-07-19,2024-08-01,EMP-018,Sofia Delgado,Paralegal,MFJ,No,3000.0,0.0,3000.0,0.0,90.0,390.0,186.0,43.5,0.0,92.1,103.2,2.1,2.0,818.9,90.0,2091.1,186.0,43.5,0.0,0.0,18.0,90.0,270.0,247.5,3607.5
16,2024-08-02,2024-07-19,2024-08-01,EMP-019,Tasha Williams,Legal Assistant,Single,Yes,2615.38,0.0,2615.38,0.0,192.0,287.69,162.15,37.92,0.0,80.29,98.08,1.83,2.0,669.96,192.0,1753.42,162.15,37.92,0.0,0.0,15.69,78.46,576.0,215.76,3485.6
16,2024-08-02,2024-07-19,2024-08-01,EMP-020,Jenna Foster,Legal Assistant,HOH,Yes,2480.77,0.0,2480.77,248.08,80.0,245.6,153.81,35.97,0.0,76.16,93.03,1.74,2.0,608.31,328.08,1544.38,153.81,35.97,0.0,0.0,14.88,74.42,240.0,204.66,2999.85
16,2024-08-02,2024-07-19,2024-08-01,EMP-021,Maria Iglesias,Legal Assistant,Single,Yes,2346.15,0.0,2346.15,140.77,80.0,242.59,145.46,34.02,0.0,72.03,87.98,1.64,2.0,585.72,220.77,1539.66,145.46,34.02,0.0,0.0,14.08,70.38,240.0,193.56,2850.09
16,2024-08-02,2024-07-19,2024-08-01,EMP-022,Devin Russo,Legal Assistant,MFJ,Yes,2230.77,0.0,2230.77,178.46,80.0,225.75,138.31,32.35,0.0,68.48,83.65,1.56,2.0,552.1,258.46,1420.21,138.31,32.35,0.0,0.0,13.38,66.92,240.0,184.04,2721.73
16,2024-08-02,2024-07-19,2024-08-01,EMP-023,Linda Pemberton,Administrative,HOH,Yes,2384.62,0.0,2384.62,0.0,80.0,262.31,147.85,34.58,0.0,73.21,89.42,1.67,2.0,611.04,80.0,1693.58,147.85,34.58,0.0,0.0,14.31,71.54,240.0,196.74,2892.9
16,2024-08-02,2024-07-19,2024-08-01,EMP-024,Karen Yoshida,Administrative,Single,Yes,2000.0,0.0,2000.0,0.0,80.0,220.0,124.0,29.0,0.0,61.4,75.0,1.4,2.0,512.8,80.0,1407.2,124.0,29.0,0.0,0.0,12.0,60.0,240.0,165.0,2465.0
16,2024-08-02,2024-07-19,2024-08-01,EMP-025,Anthony Castellanos,Bookkeeper,Single,Yes,3076.92,0.0,3076.92,0.0,90.0,430.77,190.77,44.62,0.0,94.46,115.38,2.15,2.0,880.15,90.0,2106.77,190.77,44.62,0.0,0.0,18.46,92.31,270.0,253.85,3693.08
17,2024-08-16,2024-08-02,2024-08-15,EMP-009,Nathan Brooks,Associate,Single,Yes,7115.38,0.0,7115.38,0.0,95.0,1423.08,441.15,103.17,0.0,218.44,266.83,4.98,2.0,2459.65,95.0,4560.73,441.15,103.17,0.0,0.0,42.69,213.46,285.0,587.01,8200.85
17,2024-08-16,2024-08-02,2024-08-15,EMP-010,Aiden Park,Associate,Single,Yes,6634.62,0.0,6634.62,0.0,95.0,1326.92,411.35,96.2,0.0,203.68,248.8,4.64,2.0,2293.59,95.0,4246.03,411.35,96.2,0.0,0.0,39.81,199.04,285.0,547.36,7666.02
17,2024-08-16,2024-08-02,2024-08-15,EMP-011,Maya Reyes,Associate,MFJ,Yes,6153.85,0.0,6153.85,0.0,228.0,1230.77,381.54,89.23,0.0,188.92,230.77,4.31,2.0,2127.54,228.0,3798.31,381.54,89.23,0.0,0.0,36.92,184.62,684.0,507.69,7530.16
17,2024-08-16,2024-08-02,2024-08-15,EMP-012,Tomas Aguilar,Associate,MFJ,Yes,5673.08,0.0,5673.08,0.0,228.0,1134.62,351.73,82.26,0.0,174.16,212.74,3.97,2.0,1961.48,228.0,3483.6,351.73,82.26,0.0,0.0,34.04,170.19,684.0,468.03,6995.3
17,2024-08-16,2024-08-02,2024-08-15,EMP-013,Hannah Whitfield,Associate,MFJ,Yes,5192.31,0.0,5192.31,0.0,95.0,1038.46,321.92,75.29,0.0,159.4,194.71,3.63,2.0,1795.41,95.0,3301.9,321.92,75.29,0.0,0.0,31.15,155.77,285.0,428.36,6061.44
17,2024-08-16,2024-08-02,2024-08-15,EMP-015,Frederick Wagner,Of-Counsel,Single,No,9423.08,0.0,9423.08,0.0,228.0,2073.08,584.23,136.63,0.0,289.29,324.15,6.6,2.0,3415.98,228.0,5779.1,584.23,136.63,0.0,0.0,56.54,282.69,684.0,777.4,11167.17
17,2024-08-16,2024-08-02,2024-08-15,EMP-014,Catherine Mbeki,Of-Counsel,Single,Yes,8269.23,0.0,8269.23,0.0,95.0,1819.23,512.69,119.9,0.0,253.87,310.1,5.79,2.0,3023.58,95.0,5150.65,512.69,119.9,0.0,0.0,49.62,248.08,285.0,682.21,9484.52
17,2024-08-16,2024-08-02,2024-08-15,EMP-016,Rebecca Tanaka,Paralegal,MFJ,Yes,3538.46,0.0,3538.46,212.31,90.0,432.4,219.38,51.31,0.0,108.63,132.69,2.48,2.0,948.89,302.31,2287.26,219.38,51.31,0.0,0.0,21.23,106.15,270.0,291.92,4206.53
17,2024-08-16,2024-08-02,2024-08-15,EMP-017,Leon Beaumont,Paralegal,MFJ,Yes,3269.23,0.0,3269.23,0.0,216.0,425.0,202.69,47.4,0.0,100.37,122.6,2.29,2.0,902.35,216.0,2150.88,202.69,47.4,0.0,0.0,19.62,98.08,648.0,269.71,4285.02
17,2024-08-16,2024-08-02,2024-08-15,EMP-018,Sofia Delgado,Paralegal,MFJ,No,3000.0,0.0,3000.0,0.0,90.0,390.0,186.0,43.5,0.0,92.1,103.2,2.1,2.0,818.9,90.0,2091.1,186.0,43.5,0.0,0.0,18.0,90.0,270.0,247.5,3607.5
17,2024-08-16,2024-08-02,2024-08-15,EMP-019,Tasha Williams,Legal Assistant,Single,Yes,2615.38,0.0,2615.38,0.0,192.0,287.69,162.15,37.92,0.0,80.29,98.08,1.83,2.0,669.96,192.0,1753.42,162.15,37.92,0.0,0.0,15.69,78.46,576.0,215.76,3485.6
17,2024-08-16,2024-08-02,2024-08-15,EMP-020,Jenna Foster,Legal Assistant,HOH,Yes,2480.77,0.0,2480.77,248.08,80.0,245.6,153.81,35.97,0.0,76.16,93.03,1.74,2.0,608.31,328.08,1544.38,153.81,35.97,0.0,0.0,14.88,74.42,240.0,204.66,2999.85
17,2024-08-16,2024-08-02,2024-08-15,EMP-021,Maria Iglesias,Legal Assistant,Single,Yes,2346.15,0.0,2346.15,140.77,80.0,242.59,145.46,34.02,0.0,72.03,87.98,1.64,2.0,585.72,220.77,1539.66,145.46,34.02,0.0,0.0,14.08,70.38,240.0,193.56,2850.09
17,2024-08-16,2024-08-02,2024-08-15,EMP-022,Devin Russo,Legal Assistant,MFJ,Yes,2230.77,0.0,2230.77,178.46,80.0,225.75,138.31,32.35,0.0,68.48,83.65,1.56,2.0,552.1,258.46,1420.21,138.31,32.35,0.0,0.0,13.38,66.92,240.0,184.04,2721.73
17,2024-08-16,2024-08-02,2024-08-15,EMP-023,Linda Pemberton,Administrative,HOH,Yes,2384.62,0.0,2384.62,0.0,80.0,262.31,147.85,34.58,0.0,73.21,89.42,1.67,2.0,611.04,80.0,1693.58,147.85,34.58,0.0,0.0,14.31,71.54,240.0,196.74,2892.9
17,2024-08-16,2024-08-02,2024-08-15,EMP-024,Karen Yoshida,Administrative,Single,Yes,2000.0,0.0,2000.0,0.0,80.0,220.0,124.0,29.0,0.0,61.4,75.0,1.4,2.0,512.8,80.0,1407.2,124.0,29.0,0.0,0.0,12.0,60.0,240.0,165.0,2465.0
17,2024-08-16,2024-08-02,2024-08-15,EMP-025,Anthony Castellanos,Bookkeeper,Single,Yes,3076.92,0.0,3076.92,0.0,90.0,430.77,190.77,44.62,0.0,94.46,115.38,2.15,2.0,880.15,90.0,2106.77,190.77,44.62,0.0,0.0,18.46,92.31,270.0,253.85,3693.08
18,2024-08-30,2024-08-16,2024-08-29,EMP-009,Nathan Brooks,Associate,Single,Yes,7115.38,0.0,7115.38,0.0,95.0,1423.08,441.15,103.17,0.0,218.44,266.83,4.98,2.0,2459.65,95.0,4560.73,441.15,103.17,0.0,0.0,42.69,213.46,285.0,587.01,8200.85
18,2024-08-30,2024-08-16,2024-08-29,EMP-010,Aiden Park,Associate,Single,Yes,6634.62,0.0,6634.62,0.0,95.0,1326.92,411.35,96.2,0.0,203.68,248.8,4.64,2.0,2293.59,95.0,4246.03,411.35,96.2,0.0,0.0,39.81,199.04,285.0,547.36,7666.02
18,2024-08-30,2024-08-16,2024-08-29,EMP-011,Maya Reyes,Associate,MFJ,Yes,6153.85,0.0,6153.85,0.0,228.0,1230.77,381.54,89.23,0.0,188.92,230.77,4.31,2.0,2127.54,228.0,3798.31,381.54,89.23,0.0,0.0,36.92,184.62,684.0,507.69,7530.16
18,2024-08-30,2024-08-16,2024-08-29,EMP-012,Tomas Aguilar,Associate,MFJ,Yes,5673.08,0.0,5673.08,0.0,228.0,1134.62,351.73,82.26,0.0,174.16,212.74,3.97,2.0,1961.48,228.0,3483.6,351.73,82.26,0.0,0.0,34.04,170.19,684.0,468.03,6995.3
18,2024-08-30,2024-08-16,2024-08-29,EMP-013,Hannah Whitfield,Associate,MFJ,Yes,5192.31,0.0,5192.31,0.0,95.0,1038.46,321.92,75.29,0.0,159.4,194.71,3.63,2.0,1795.41,95.0,3301.9,321.92,75.29,0.0,0.0,31.15,155.77,285.0,428.36,6061.44
18,2024-08-30,2024-08-16,2024-08-29,EMP-015,Frederick Wagner,Of-Counsel,Single,No,9423.08,0.0,9423.08,0.0,228.0,2073.08,521.27,136.63,0.0,289.29,324.15,6.6,2.0,3353.02,228.0,5842.06,521.27,136.63,0.0,0.0,56.54,282.69,684.0,714.44,11104.21
18,2024-08-30,2024-08-16,2024-08-29,EMP-014,Catherine Mbeki,Of-Counsel,Single,Yes,8269.23,0.0,8269.23,0.0,95.0,1819.23,512.69,119.9,0.0,253.87,310.1,5.79,2.0,3023.58,95.0,5150.65,512.69,119.9,0.0,0.0,49.62,248.08,285.0,682.21,9484.52
18,2024-08-30,2024-08-16,2024-08-29,EMP-016,Rebecca Tanaka,Paralegal,MFJ,Yes,3538.46,0.0,3538.46,212.31,90.0,432.4,219.38,51.31,0.0,108.63,132.69,2.48,2.0,948.89,302.31,2287.26,219.38,51.31,0.0,0.0,21.23,106.15,270.0,291.92,4206.53
18,2024-08-30,2024-08-16,2024-08-29,EMP-017,Leon Beaumont,Paralegal,MFJ,Yes,3269.23,0.0,3269.23,0.0,216.0,425.0,202.69,47.4,0.0,100.37,122.6,2.29,2.0,902.35,216.0,2150.88,202.69,47.4,0.0,0.0,19.62,98.08,648.0,269.71,4285.02
18,2024-08-30,2024-08-16,2024-08-29,EMP-018,Sofia Delgado,Paralegal,MFJ,No,3000.0,0.0,3000.0,0.0,90.0,390.0,186.0,43.5,0.0,92.1,103.2,2.1,2.0,818.9,90.0,2091.1,186.0,43.5,0.0,0.0,18.0,90.0,270.0,247.5,3607.5
18,2024-08-30,2024-08-16,2024-08-29,EMP-019,Tasha Williams,Legal Assistant,Single,Yes,2615.38,0.0,2615.38,0.0,192.0,287.69,162.15,37.92,0.0,80.29,98.08,1.83,2.0,669.96,192.0,1753.42,162.15,37.92,0.0,0.0,15.69,78.46,576.0,215.76,3485.6
18,2024-08-30,2024-08-16,2024-08-29,EMP-020,Jenna Foster,Legal Assistant,HOH,Yes,2480.77,0.0,2480.77,248.08,80.0,245.6,153.81,35.97,0.0,76.16,93.03,1.74,2.0,608.31,328.08,1544.38,153.81,35.97,0.0,0.0,14.88,74.42,240.0,204.66,2999.85
18,2024-08-30,2024-08-16,2024-08-29,EMP-021,Maria Iglesias,Legal Assistant,Single,Yes,2346.15,0.0,2346.15,140.77,80.0,242.59,145.46,34.02,0.0,72.03,87.98,1.64,2.0,585.72,220.77,1539.66,145.46,34.02,0.0,0.0,14.08,70.38,240.0,193.56,2850.09
18,2024-08-30,2024-08-16,2024-08-29,EMP-022,Devin Russo,Legal Assistant,MFJ,Yes,2230.77,0.0,2230.77,178.46,80.0,225.75,138.31,32.35,0.0,68.48,83.65,1.56,2.0,552.1,258.46,1420.21,138.31,32.35,0.0,0.0,13.38,66.92,240.0,184.04,2721.73
18,2024-08-30,2024-08-16,2024-08-29,EMP-023,Linda Pemberton,Administrative,HOH,Yes,2384.62,0.0,2384.62,0.0,80.0,262.31,147.85,34.58,0.0,73.21,89.42,1.67,2.0,611.04,80.0,1693.58,147.85,34.58,0.0,0.0,14.31,71.54,240.0,196.74,2892.9
18,2024-08-30,2024-08-16,2024-08-29,EMP-024,Karen Yoshida,Administrative,Single,Yes,2000.0,0.0,2000.0,0.0,80.0,220.0,124.0,29.0,0.0,61.4,75.0,1.4,2.0,512.8,80.0,1407.2,124.0,29.0,0.0,0.0,12.0,60.0,240.0,165.0,2465.0
18,2024-08-30,2024-08-16,2024-08-29,EMP-025,Anthony Castellanos,Bookkeeper,Single,Yes,3076.92,0.0,3076.92,0.0,90.0,430.77,190.77,44.62,0.0,94.46,115.38,2.15,2.0,880.15,90.0,2106.77,190.77,44.62,0.0,0.0,18.46,92.31,270.0,253.85,3693.08
19,2024-09-13,2024-08-30,2024-09-12,EMP-009,Nathan Brooks,Associate,Single,Yes,7115.38,0.0,7115.38,0.0,95.0,1423.08,441.15,103.17,0.0,218.44,266.83,4.98,2.0,2459.65,95.0,4560.73,441.15,103.17,0.0,0.0,42.69,213.46,285.0,587.01,8200.85
19,2024-09-13,2024-08-30,2024-09-12,EMP-010,Aiden Park,Associate,Single,Yes,6634.62,0.0,6634.62,0.0,95.0,1326.92,411.35,96.2,0.0,203.68,248.8,4.64,2.0,2293.59,95.0,4246.03,411.35,96.2,0.0,0.0,39.81,199.04,285.0,547.36,7666.02
19,2024-09-13,2024-08-30,2024-09-12,EMP-011,Maya Reyes,Associate,MFJ,Yes,6153.85,0.0,6153.85,0.0,228.0,1230.77,381.54,89.23,0.0,188.92,230.77,4.31,2.0,2127.54,228.0,3798.31,381.54,89.23,0.0,0.0,36.92,184.62,684.0,507.69,7530.16
19,2024-09-13,2024-08-30,2024-09-12,EMP-012,Tomas Aguilar,Associate,MFJ,Yes,5673.08,0.0,5673.08,0.0,228.0,1134.62,351.73,82.26,0.0,174.16,212.74,3.97,2.0,1961.48,228.0,3483.6,351.73,82.26,0.0,0.0,34.04,170.19,684.0,468.03,6995.3
19,2024-09-13,2024-08-30,2024-09-12,EMP-013,Hannah Whitfield,Associate,MFJ,Yes,5192.31,0.0,5192.31,0.0,95.0,1038.46,321.92,75.29,0.0,159.4,194.71,3.63,2.0,1795.41,95.0,3301.9,321.92,75.29,0.0,0.0,31.15,155.77,285.0,428.36,6061.44
19,2024-09-13,2024-08-30,2024-09-12,EMP-015,Frederick Wagner,Of-Counsel,Single,No,9423.08,0.0,9423.08,0.0,228.0,2073.08,0.0,136.63,0.0,289.29,324.15,6.6,2.0,2831.75,228.0,6363.33,0.0,136.63,0.0,0.0,56.54,282.69,684.0,193.17,10582.94
19,2024-09-13,2024-08-30,2024-09-12,EMP-014,Catherine Mbeki,Of-Counsel,Single,Yes,8269.23,0.0,8269.23,0.0,95.0,1819.23,512.69,119.9,0.0,253.87,310.1,5.79,2.0,3023.58,95.0,5150.65,512.69,119.9,0.0,0.0,49.62,248.08,285.0,682.21,9484.52
19,2024-09-13,2024-08-30,2024-09-12,EMP-016,Rebecca Tanaka,Paralegal,MFJ,Yes,3538.46,0.0,3538.46,212.31,90.0,432.4,219.38,51.31,0.0,108.63,132.69,2.48,2.0,948.89,302.31,2287.26,219.38,51.31,0.0,0.0,21.23,106.15,270.0,291.92,4206.53
19,2024-09-13,2024-08-30,2024-09-12,EMP-017,Leon Beaumont,Paralegal,MFJ,Yes,3269.23,0.0,3269.23,0.0,216.0,425.0,202.69,47.4,0.0,100.37,122.6,2.29,2.0,902.35,216.0,2150.88,202.69,47.4,0.0,0.0,19.62,98.08,648.0,269.71,4285.02
19,2024-09-13,2024-08-30,2024-09-12,EMP-018,Sofia Delgado,Paralegal,MFJ,No,3000.0,0.0,3000.0,0.0,90.0,390.0,186.0,43.5,0.0,92.1,103.2,2.1,2.0,818.9,90.0,2091.1,186.0,43.5,0.0,0.0,18.0,90.0,270.0,247.5,3607.5
19,2024-09-13,2024-08-30,2024-09-12,EMP-019,Tasha Williams,Legal Assistant,Single,Yes,2615.38,0.0,2615.38,0.0,192.0,287.69,162.15,37.92,0.0,80.29,98.08,1.83,2.0,669.96,192.0,1753.42,162.15,37.92,0.0,0.0,15.69,78.46,576.0,215.76,3485.6
19,2024-09-13,2024-08-30,2024-09-12,EMP-020,Jenna Foster,Legal Assistant,HOH,Yes,2480.77,0.0,2480.77,248.08,80.0,245.6,153.81,35.97,0.0,76.16,93.03,1.74,2.0,608.31,328.08,1544.38,153.81,35.97,0.0,0.0,14.88,74.42,240.0,204.66,2999.85
19,2024-09-13,2024-08-30,2024-09-12,EMP-021,Maria Iglesias,Legal Assistant,Single,Yes,2346.15,0.0,2346.15,140.77,80.0,242.59,145.46,34.02,0.0,72.03,87.98,1.64,2.0,585.72,220.77,1539.66,145.46,34.02,0.0,0.0,14.08,70.38,240.0,193.56,2850.09
19,2024-09-13,2024-08-30,2024-09-12,EMP-022,Devin Russo,Legal Assistant,MFJ,Yes,2230.77,0.0,2230.77,178.46,80.0,225.75,138.31,32.35,0.0,68.48,83.65,1.56,2.0,552.1,258.46,1420.21,138.31,32.35,0.0,0.0,13.38,66.92,240.0,184.04,2721.73
19,2024-09-13,2024-08-30,2024-09-12,EMP-023,Linda Pemberton,Administrative,HOH,Yes,2384.62,0.0,2384.62,0.0,80.0,262.31,147.85,34.58,0.0,73.21,89.42,1.67,2.0,611.04,80.0,1693.58,147.85,34.58,0.0,0.0,14.31,71.54,240.0,196.74,2892.9
19,2024-09-13,2024-08-30,2024-09-12,EMP-024,Karen Yoshida,Administrative,Single,Yes,2000.0,0.0,2000.0,0.0,80.0,220.0,124.0,29.0,0.0,61.4,75.0,1.4,2.0,512.8,80.0,1407.2,124.0,29.0,0.0,0.0,12.0,60.0,240.0,165.0,2465.0
19,2024-09-13,2024-08-30,2024-09-12,EMP-025,Anthony Castellanos,Bookkeeper,Single,Yes,3076.92,0.0,3076.92,0.0,90.0,430.77,190.77,44.62,0.0,94.46,115.38,2.15,2.0,880.15,90.0,2106.77,190.77,44.62,0.0,0.0,18.46,92.31,270.0,253.85,3693.08
20,2024-09-27,2024-09-13,2024-09-26,EMP-009,Nathan Brooks,Associate,Single,Yes,7115.38,0.0,7115.38,0.0,95.0,1423.08,441.15,103.17,0.0,218.44,266.83,4.98,2.0,2459.65,95.0,4560.73,441.15,103.17,0.0,0.0,42.69,213.46,285.0,587.01,8200.85
20,2024-09-27,2024-09-13,2024-09-26,EMP-010,Aiden Park,Associate,Single,Yes,6634.62,0.0,6634.62,0.0,95.0,1326.92,411.35,96.2,0.0,203.68,248.8,4.64,2.0,2293.59,95.0,4246.03,411.35,96.2,0.0,0.0,39.81,199.04,285.0,547.36,7666.02
20,2024-09-27,2024-09-13,2024-09-26,EMP-011,Maya Reyes,Associate,MFJ,Yes,6153.85,0.0,6153.85,0.0,228.0,1230.77,381.54,89.23,0.0,188.92,230.77,4.31,2.0,2127.54,228.0,3798.31,381.54,89.23,0.0,0.0,36.92,184.62,684.0,507.69,7530.16
20,2024-09-27,2024-09-13,2024-09-26,EMP-012,Tomas Aguilar,Associate,MFJ,Yes,5673.08,0.0,5673.08,0.0,228.0,1134.62,351.73,82.26,0.0,174.16,212.74,3.97,2.0,1961.48,228.0,3483.6,351.73,82.26,0.0,0.0,34.04,170.19,684.0,468.03,6995.3
20,2024-09-27,2024-09-13,2024-09-26,EMP-013,Hannah Whitfield,Associate,MFJ,Yes,5192.31,0.0,5192.31,0.0,95.0,1038.46,321.92,75.29,0.0,159.4,194.71,3.63,2.0,1795.41,95.0,3301.9,321.92,75.29,0.0,0.0,31.15,155.77,285.0,428.36,6061.44
20,2024-09-27,2024-09-13,2024-09-26,EMP-015,Frederick Wagner,Of-Counsel,Single,No,9423.08,0.0,9423.08,0.0,228.0,2073.08,0.0,136.63,0.0,289.29,324.15,6.6,2.0,2831.75,228.0,6363.33,0.0,136.63,0.0,0.0,56.54,282.69,684.0,193.17,10582.94
20,2024-09-27,2024-09-13,2024-09-26,EMP-014,Catherine Mbeki,Of-Counsel,Single,Yes,8269.23,0.0,8269.23,0.0,95.0,1819.23,512.69,119.9,0.0,253.87,310.1,5.79,2.0,3023.58,95.0,5150.65,512.69,119.9,0.0,0.0,49.62,248.08,285.0,682.21,9484.52
20,2024-09-27,2024-09-13,2024-09-26,EMP-016,Rebecca Tanaka,Paralegal,MFJ,Yes,3538.46,0.0,3538.46,212.31,90.0,432.4,219.38,51.31,0.0,108.63,132.69,2.48,2.0,948.89,302.31,2287.26,219.38,51.31,0.0,0.0,21.23,106.15,270.0,291.92,4206.53
20,2024-09-27,2024-09-13,2024-09-26,EMP-017,Leon Beaumont,Paralegal,MFJ,Yes,3269.23,0.0,3269.23,0.0,216.0,425.0,202.69,47.4,0.0,100.37,122.6,2.29,2.0,902.35,216.0,2150.88,202.69,47.4,0.0,0.0,19.62,98.08,648.0,269.71,4285.02
20,2024-09-27,2024-09-13,2024-09-26,EMP-018,Sofia Delgado,Paralegal,MFJ,No,3000.0,0.0,3000.0,0.0,90.0,390.0,186.0,43.5,0.0,92.1,103.2,2.1,2.0,818.9,90.0,2091.1,186.0,43.5,0.0,0.0,18.0,90.0,270.0,247.5,3607.5
20,2024-09-27,2024-09-13,2024-09-26,EMP-019,Tasha Williams,Legal Assistant,Single,Yes,2615.38,0.0,2615.38,0.0,192.0,287.69,162.15,37.92,0.0,80.29,98.08,1.83,2.0,669.96,192.0,1753.42,162.15,37.92,0.0,0.0,15.69,78.46,576.0,215.76,3485.6
20,2024-09-27,2024-09-13,2024-09-26,EMP-020,Jenna Foster,Legal Assistant,HOH,Yes,2480.77,0.0,2480.77,248.08,80.0,245.6,153.81,35.97,0.0,76.16,93.03,1.74,2.0,608.31,328.08,1544.38,153.81,35.97,0.0,0.0,14.88,74.42,240.0,204.66,2999.85
20,2024-09-27,2024-09-13,2024-09-26,EMP-021,Maria Iglesias,Legal Assistant,Single,Yes,2346.15,0.0,2346.15,140.77,80.0,242.59,145.46,34.02,0.0,72.03,87.98,1.64,2.0,585.72,220.77,1539.66,145.46,34.02,0.0,0.0,14.08,70.38,240.0,193.56,2850.09
20,2024-09-27,2024-09-13,2024-09-26,EMP-022,Devin Russo,Legal Assistant,MFJ,Yes,2230.77,0.0,2230.77,178.46,80.0,225.75,138.31,32.35,0.0,68.48,83.65,1.56,2.0,552.1,258.46,1420.21,138.31,32.35,0.0,0.0,13.38,66.92,240.0,184.04,2721.73
20,2024-09-27,2024-09-13,2024-09-26,EMP-023,Linda Pemberton,Administrative,HOH,Yes,2384.62,0.0,2384.62,0.0,80.0,262.31,147.85,34.58,0.0,73.21,89.42,1.67,2.0,611.04,80.0,1693.58,147.85,34.58,0.0,0.0,14.31,71.54,240.0,196.74,2892.9
20,2024-09-27,2024-09-13,2024-09-26,EMP-024,Karen Yoshida,Administrative,Single,Yes,2000.0,0.0,2000.0,0.0,80.0,220.0,124.0,29.0,0.0,61.4,75.0,1.4,2.0,512.8,80.0,1407.2,124.0,29.0,0.0,0.0,12.0,60.0,240.0,165.0,2465.0
20,2024-09-27,2024-09-13,2024-09-26,EMP-025,Anthony Castellanos,Bookkeeper,Single,Yes,3076.92,0.0,3076.92,0.0,90.0,430.77,190.77,44.62,0.0,94.46,115.38,2.15,2.0,880.15,90.0,2106.77,190.77,44.62,0.0,0.0,18.46,92.31,270.0,253.85,3693.08
21,2024-10-11,2024-09-27,2024-10-10,EMP-009,Nathan Brooks,Associate,Single,Yes,7115.38,0.0,7115.38,0.0,95.0,1423.08,441.15,103.17,0.0,218.44,266.83,4.98,2.0,2459.65,95.0,4560.73,441.15,103.17,0.0,0.0,42.69,213.46,285.0,587.01,8200.85
21,2024-10-11,2024-09-27,2024-10-10,EMP-010,Aiden Park,Associate,Single,Yes,6634.62,0.0,6634.62,0.0,95.0,1326.92,411.35,96.2,0.0,203.68,248.8,4.64,2.0,2293.59,95.0,4246.03,411.35,96.2,0.0,0.0,39.81,199.04,285.0,547.36,7666.02
21,2024-10-11,2024-09-27,2024-10-10,EMP-011,Maya Reyes,Associate,MFJ,Yes,6153.85,0.0,6153.85,0.0,228.0,1230.77,381.54,89.23,0.0,188.92,230.77,4.31,2.0,2127.54,228.0,3798.31,381.54,89.23,0.0,0.0,36.92,184.62,684.0,507.69,7530.16
21,2024-10-11,2024-09-27,2024-10-10,EMP-012,Tomas Aguilar,Associate,MFJ,Yes,5673.08,0.0,5673.08,0.0,228.0,1134.62,351.73,82.26,0.0,174.16,212.74,3.97,2.0,1961.48,228.0,3483.6,351.73,82.26,0.0,0.0,34.04,170.19,684.0,468.03,6995.3
21,2024-10-11,2024-09-27,2024-10-10,EMP-013,Hannah Whitfield,Associate,MFJ,Yes,5192.31,0.0,5192.31,0.0,95.0,1038.46,321.92,75.29,0.0,159.4,194.71,3.63,2.0,1795.41,95.0,3301.9,321.92,75.29,0.0,0.0,31.15,155.77,285.0,428.36,6061.44
21,2024-10-11,2024-09-27,2024-10-10,EMP-015,Frederick Wagner,Of-Counsel,Single,No,9423.08,0.0,9423.08,0.0,228.0,2073.08,0.0,136.63,0.0,289.29,324.15,6.6,2.0,2831.75,228.0,6363.33,0.0,136.63,0.0,0.0,56.54,282.69,684.0,193.17,10582.94
21,2024-10-11,2024-09-27,2024-10-10,EMP-014,Catherine Mbeki,Of-Counsel,Single,Yes,8269.23,0.0,8269.23,0.0,95.0,1819.23,199.35,119.9,0.0,253.87,310.1,5.79,2.0,2710.24,95.0,5463.99,199.35,119.9,0.0,0.0,49.62,248.08,285.0,368.87,9171.18
21,2024-10-11,2024-09-27,2024-10-10,EMP-016,Rebecca Tanaka,Paralegal,MFJ,Yes,3538.46,0.0,3538.46,212.31,90.0,432.4,219.38,51.31,0.0,108.63,132.69,2.48,2.0,948.89,302.31,2287.26,219.38,51.31,0.0,0.0,21.23,106.15,270.0,291.92,4206.53
21,2024-10-11,2024-09-27,2024-10-10,EMP-017,Leon Beaumont,Paralegal,MFJ,Yes,3269.23,0.0,3269.23,0.0,216.0,425.0,202.69,47.4,0.0,100.37,122.6,2.29,2.0,902.35,216.0,2150.88,202.69,47.4,0.0,0.0,19.62,98.08,648.0,269.71,4285.02
21,2024-10-11,2024-09-27,2024-10-10,EMP-018,Sofia Delgado,Paralegal,MFJ,No,3000.0,0.0,3000.0,0.0,90.0,390.0,186.0,43.5,0.0,92.1,103.2,2.1,2.0,818.9,90.0,2091.1,186.0,43.5,0.0,0.0,18.0,90.0,270.0,247.5,3607.5
21,2024-10-11,2024-09-27,2024-10-10,EMP-019,Tasha Williams,Legal Assistant,Single,Yes,2615.38,0.0,2615.38,0.0,192.0,287.69,162.15,37.92,0.0,80.29,98.08,1.83,2.0,669.96,192.0,1753.42,162.15,37.92,0.0,0.0,15.69,78.46,576.0,215.76,3485.6
21,2024-10-11,2024-09-27,2024-10-10,EMP-020,Jenna Foster,Legal Assistant,HOH,Yes,2480.77,0.0,2480.77,248.08,80.0,245.6,153.81,35.97,0.0,76.16,93.03,1.74,2.0,608.31,328.08,1544.38,153.81,35.97,0.0,0.0,14.88,74.42,240.0,204.66,2999.85
21,2024-10-11,2024-09-27,2024-10-10,EMP-021,Maria Iglesias,Legal Assistant,Single,Yes,2346.15,0.0,2346.15,140.77,80.0,242.59,145.46,34.02,0.0,72.03,87.98,1.64,2.0,585.72,220.77,1539.66,145.46,34.02,0.0,0.0,14.08,70.38,240.0,193.56,2850.09
21,2024-10-11,2024-09-27,2024-10-10,EMP-022,Devin Russo,Legal Assistant,MFJ,Yes,2230.77,0.0,2230.77,178.46,80.0,225.75,138.31,32.35,0.0,68.48,83.65,1.56,2.0,552.1,258.46,1420.21,138.31,32.35,0.0,0.0,13.38,66.92,240.0,184.04,2721.73
21,2024-10-11,2024-09-27,2024-10-10,EMP-023,Linda Pemberton,Administrative,HOH,Yes,2384.62,0.0,2384.62,0.0,80.0,262.31,147.85,34.58,0.0,73.21,89.42,1.67,2.0,611.04,80.0,1693.58,147.85,34.58,0.0,0.0,14.31,71.54,240.0,196.74,2892.9
21,2024-10-11,2024-09-27,2024-10-10,EMP-024,Karen Yoshida,Administrative,Single,Yes,2000.0,0.0,2000.0,0.0,80.0,220.0,124.0,29.0,0.0,61.4,75.0,1.4,2.0,512.8,80.0,1407.2,124.0,29.0,0.0,0.0,12.0,60.0,240.0,165.0,2465.0
21,2024-10-11,2024-09-27,2024-10-10,EMP-025,Anthony Castellanos,Bookkeeper,Single,Yes,3076.92,0.0,3076.92,0.0,90.0,430.77,190.77,44.62,0.0,94.46,115.38,2.15,2.0,880.15,90.0,2106.77,190.77,44.62,0.0,0.0,18.46,92.31,270.0,253.85,3693.08
22,2024-10-25,2024-10-11,2024-10-24,EMP-009,Nathan Brooks,Associate,Single,Yes,7115.38,0.0,7115.38,0.0,95.0,1423.08,441.15,103.17,0.0,218.44,266.83,4.98,2.0,2459.65,95.0,4560.73,441.15,103.17,0.0,0.0,42.69,213.46,285.0,587.01,8200.85
22,2024-10-25,2024-10-11,2024-10-24,EMP-010,Aiden Park,Associate,Single,Yes,6634.62,0.0,6634.62,0.0,95.0,1326.92,411.35,96.2,0.0,203.68,248.8,4.64,2.0,2293.59,95.0,4246.03,411.35,96.2,0.0,0.0,39.81,199.04,285.0,547.36,7666.02
22,2024-10-25,2024-10-11,2024-10-24,EMP-011,Maya Reyes,Associate,MFJ,Yes,6153.85,0.0,6153.85,0.0,228.0,1230.77,381.54,89.23,0.0,188.92,230.77,4.31,2.0,2127.54,228.0,3798.31,381.54,89.23,0.0,0.0,36.92,184.62,684.0,507.69,7530.16
22,2024-10-25,2024-10-11,2024-10-24,EMP-012,Tomas Aguilar,Associate,MFJ,Yes,5673.08,0.0,5673.08,0.0,228.0,1134.62,351.73,82.26,0.0,174.16,212.74,3.97,2.0,1961.48,228.0,3483.6,351.73,82.26,0.0,0.0,34.04,170.19,684.0,468.03,6995.3
22,2024-10-25,2024-10-11,2024-10-24,EMP-013,Hannah Whitfield,Associate,MFJ,Yes,5192.31,0.0,5192.31,0.0,95.0,1038.46,321.92,75.29,0.0,159.4,194.71,3.63,2.0,1795.41,95.0,3301.9,321.92,75.29,0.0,0.0,31.15,155.77,285.0,428.36,6061.44
22,2024-10-25,2024-10-11,2024-10-24,EMP-015,Frederick Wagner,Of-Counsel,Single,No,9423.08,0.0,9423.08,0.0,228.0,2073.08,0.0,136.63,65.77,289.29,324.15,6.6,2.0,2897.52,228.0,6297.56,0.0,136.63,0.0,0.0,56.54,282.69,684.0,193.17,10582.94
22,2024-10-25,2024-10-11,2024-10-24,EMP-014,Catherine Mbeki,Of-Counsel,Single,Yes,8269.23,0.0,8269.23,0.0,95.0,1819.23,0.0,119.9,0.0,253.87,310.1,5.79,2.0,2510.89,95.0,5663.34,0.0,119.9,0.0,0.0,49.62,248.08,285.0,169.52,8971.83
22,2024-10-25,2024-10-11,2024-10-24,EMP-016,Rebecca Tanaka,Paralegal,MFJ,Yes,3538.46,0.0,3538.46,212.31,90.0,432.4,219.38,51.31,0.0,108.63,132.69,2.48,2.0,948.89,302.31,2287.26,219.38,51.31,0.0,0.0,21.23,106.15,270.0,291.92,4206.53
22,2024-10-25,2024-10-11,2024-10-24,EMP-017,Leon Beaumont,Paralegal,MFJ,Yes,3269.23,0.0,3269.23,0.0,216.0,425.0,202.69,47.4,0.0,100.37,122.6,2.29,2.0,902.35,216.0,2150.88,202.69,47.4,0.0,0.0,19.62,98.08,648.0,269.71,4285.02
22,2024-10-25,2024-10-11,2024-10-24,EMP-018,Sofia Delgado,Paralegal,MFJ,No,3000.0,0.0,3000.0,0.0,90.0,390.0,186.0,43.5,0.0,92.1,103.2,2.1,2.0,818.9,90.0,2091.1,186.0,43.5,0.0,0.0,18.0,90.0,270.0,247.5,3607.5
22,2024-10-25,2024-10-11,2024-10-24,EMP-019,Tasha Williams,Legal Assistant,Single,Yes,2615.38,0.0,2615.38,0.0,192.0,287.69,162.15,37.92,0.0,80.29,98.08,1.83,2.0,669.96,192.0,1753.42,162.15,37.92,0.0,0.0,15.69,78.46,576.0,215.76,3485.6
22,2024-10-25,2024-10-11,2024-10-24,EMP-020,Jenna Foster,Legal Assistant,HOH,Yes,2480.77,0.0,2480.77,248.08,80.0,245.6,153.81,35.97,0.0,76.16,93.03,1.74,2.0,608.31,328.08,1544.38,153.81,35.97,0.0,0.0,14.88,74.42,240.0,204.66,2999.85
22,2024-10-25,2024-10-11,2024-10-24,EMP-021,Maria Iglesias,Legal Assistant,Single,Yes,2346.15,0.0,2346.15,140.77,80.0,242.59,145.46,34.02,0.0,72.03,87.98,1.64,2.0,585.72,220.77,1539.66,145.46,34.02,0.0,0.0,14.08,70.38,240.0,193.56,2850.09
22,2024-10-25,2024-10-11,2024-10-24,EMP-022,Devin Russo,Legal Assistant,MFJ,Yes,2230.77,0.0,2230.77,178.46,80.0,225.75,138.31,32.35,0.0,68.48,83.65,1.56,2.0,552.1,258.46,1420.21,138.31,32.35,0.0,0.0,13.38,66.92,240.0,184.04,2721.73
22,2024-10-25,2024-10-11,2024-10-24,EMP-023,Linda Pemberton,Administrative,HOH,Yes,2384.62,0.0,2384.62,0.0,80.0,262.31,147.85,34.58,0.0,73.21,89.42,1.67,2.0,611.04,80.0,1693.58,147.85,34.58,0.0,0.0,14.31,71.54,240.0,196.74,2892.9
22,2024-10-25,2024-10-11,2024-10-24,EMP-024,Karen Yoshida,Administrative,Single,Yes,2000.0,0.0,2000.0,0.0,80.0,220.0,124.0,29.0,0.0,61.4,75.0,1.4,2.0,512.8,80.0,1407.2,124.0,29.0,0.0,0.0,12.0,60.0,240.0,165.0,2465.0
22,2024-10-25,2024-10-11,2024-10-24,EMP-025,Anthony Castellanos,Bookkeeper,Single,Yes,3076.92,0.0,3076.92,0.0,90.0,430.77,190.77,44.62,0.0,94.46,115.38,2.15,2.0,880.15,90.0,2106.77,190.77,44.62,0.0,0.0,18.46,92.31,270.0,253.85,3693.08
23,2024-11-08,2024-10-25,2024-11-07,EMP-009,Nathan Brooks,Associate,Single,Yes,7115.38,0.0,7115.38,0.0,95.0,1423.08,441.15,103.17,0.0,218.44,266.83,4.98,2.0,2459.65,95.0,4560.73,441.15,103.17,0.0,0.0,42.69,213.46,285.0,587.01,8200.85
23,2024-11-08,2024-10-25,2024-11-07,EMP-010,Aiden Park,Associate,Single,Yes,6634.62,0.0,6634.62,0.0,95.0,1326.92,411.35,96.2,0.0,203.68,248.8,4.64,2.0,2293.59,95.0,4246.03,411.35,96.2,0.0,0.0,39.81,199.04,285.0,547.36,7666.02
23,2024-11-08,2024-10-25,2024-11-07,EMP-011,Maya Reyes,Associate,MFJ,Yes,6153.85,0.0,6153.85,0.0,228.0,1230.77,381.54,89.23,0.0,188.92,230.77,4.31,2.0,2127.54,228.0,3798.31,381.54,89.23,0.0,0.0,36.92,184.62,684.0,507.69,7530.16
23,2024-11-08,2024-10-25,2024-11-07,EMP-012,Tomas Aguilar,Associate,MFJ,Yes,5673.08,0.0,5673.08,0.0,228.0,1134.62,351.73,82.26,0.0,174.16,212.74,3.97,2.0,1961.48,228.0,3483.6,351.73,82.26,0.0,0.0,34.04,170.19,684.0,468.03,6995.3
23,2024-11-08,2024-10-25,2024-11-07,EMP-013,Hannah Whitfield,Associate,MFJ,Yes,5192.31,0.0,5192.31,0.0,95.0,1038.46,321.92,75.29,0.0,159.4,194.71,3.63,2.0,1795.41,95.0,3301.9,321.92,75.29,0.0,0.0,31.15,155.77,285.0,428.36,6061.44
23,2024-11-08,2024-10-25,2024-11-07,EMP-015,Frederick Wagner,Of-Counsel,Single,No,9423.08,0.0,9423.08,0.0,228.0,2073.08,0.0,136.63,84.81,289.29,324.15,6.6,2.0,2916.56,228.0,6278.52,0.0,136.63,0.0,0.0,56.54,282.69,684.0,193.17,10582.94
23,2024-11-08,2024-10-25,2024-11-07,EMP-014,Catherine Mbeki,Of-Counsel,Single,Yes,8269.23,0.0,8269.23,0.0,95.0,1819.23,0.0,119.9,0.0,253.87,310.1,5.79,2.0,2510.89,95.0,5663.34,0.0,119.9,0.0,0.0,49.62,248.08,285.0,169.52,8971.83
23,2024-11-08,2024-10-25,2024-11-07,EMP-016,Rebecca Tanaka,Paralegal,MFJ,Yes,3538.46,0.0,3538.46,212.31,90.0,432.4,219.38,51.31,0.0,108.63,132.69,2.48,2.0,948.89,302.31,2287.26,219.38,51.31,0.0,0.0,21.23,106.15,270.0,291.92,4206.53
23,2024-11-08,2024-10-25,2024-11-07,EMP-017,Leon Beaumont,Paralegal,MFJ,Yes,3269.23,0.0,3269.23,0.0,216.0,425.0,202.69,47.4,0.0,100.37,122.6,2.29,2.0,902.35,216.0,2150.88,202.69,47.4,0.0,0.0,19.62,98.08,648.0,269.71,4285.02
23,2024-11-08,2024-10-25,2024-11-07,EMP-018,Sofia Delgado,Paralegal,MFJ,No,3000.0,0.0,3000.0,0.0,90.0,390.0,186.0,43.5,0.0,92.1,103.2,2.1,2.0,818.9,90.0,2091.1,186.0,43.5,0.0,0.0,18.0,90.0,270.0,247.5,3607.5
23,2024-11-08,2024-10-25,2024-11-07,EMP-019,Tasha Williams,Legal Assistant,Single,Yes,2615.38,0.0,2615.38,0.0,192.0,287.69,162.15,37.92,0.0,80.29,98.08,1.83,2.0,669.96,192.0,1753.42,162.15,37.92,0.0,0.0,15.69,78.46,576.0,215.76,3485.6
23,2024-11-08,2024-10-25,2024-11-07,EMP-020,Jenna Foster,Legal Assistant,HOH,Yes,2480.77,0.0,2480.77,248.08,80.0,245.6,153.81,35.97,0.0,76.16,93.03,1.74,2.0,608.31,328.08,1544.38,153.81,35.97,0.0,0.0,14.88,74.42,240.0,204.66,2999.85
23,2024-11-08,2024-10-25,2024-11-07,EMP-021,Maria Iglesias,Legal Assistant,Single,Yes,2346.15,0.0,2346.15,140.77,80.0,242.59,145.46,34.02,0.0,72.03,87.98,1.64,2.0,585.72,220.77,1539.66,145.46,34.02,0.0,0.0,14.08,70.38,240.0,193.56,2850.09
23,2024-11-08,2024-10-25,2024-11-07,EMP-022,Devin Russo,Legal Assistant,MFJ,Yes,2230.77,0.0,2230.77,178.46,80.0,225.75,138.31,32.35,0.0,68.48,83.65,1.56,2.0,552.1,258.46,1420.21,138.31,32.35,0.0,0.0,13.38,66.92,240.0,184.04,2721.73
23,2024-11-08,2024-10-25,2024-11-07,EMP-023,Linda Pemberton,Administrative,HOH,Yes,2384.62,0.0,2384.62,0.0,80.0,262.31,147.85,34.58,0.0,73.21,89.42,1.67,2.0,611.04,80.0,1693.58,147.85,34.58,0.0,0.0,14.31,71.54,240.0,196.74,2892.9
23,2024-11-08,2024-10-25,2024-11-07,EMP-024,Karen Yoshida,Administrative,Single,Yes,2000.0,0.0,2000.0,0.0,80.0,220.0,124.0,29.0,0.0,61.4,75.0,1.4,2.0,512.8,80.0,1407.2,124.0,29.0,0.0,0.0,12.0,60.0,240.0,165.0,2465.0
23,2024-11-08,2024-10-25,2024-11-07,EMP-025,Anthony Castellanos,Bookkeeper,Single,Yes,3076.92,0.0,3076.92,0.0,90.0,430.77,190.77,44.62,0.0,94.46,115.38,2.15,2.0,880.15,90.0,2106.77,190.77,44.62,0.0,0.0,18.46,92.31,270.0,253.85,3693.08
24,2024-11-22,2024-11-08,2024-11-21,EMP-009,Nathan Brooks,Associate,Single,Yes,7115.38,0.0,7115.38,0.0,95.0,1423.08,306.67,103.17,0.0,218.44,266.83,4.98,2.0,2325.17,95.0,4695.21,306.67,103.17,0.0,0.0,42.69,213.46,285.0,452.53,8066.37
24,2024-11-22,2024-11-08,2024-11-21,EMP-010,Aiden Park,Associate,Single,Yes,6634.62,0.0,6634.62,0.0,95.0,1326.92,411.35,96.2,0.0,203.68,248.8,4.64,2.0,2293.59,95.0,4246.03,411.35,96.2,0.0,0.0,39.81,199.04,285.0,547.36,7666.02
24,2024-11-22,2024-11-08,2024-11-21,EMP-011,Maya Reyes,Associate,MFJ,Yes,6153.85,0.0,6153.85,0.0,228.0,1230.77,381.54,89.23,0.0,188.92,230.77,4.31,2.0,2127.54,228.0,3798.31,381.54,89.23,0.0,0.0,36.92,184.62,684.0,507.69,7530.16
24,2024-11-22,2024-11-08,2024-11-21,EMP-012,Tomas Aguilar,Associate,MFJ,Yes,5673.08,0.0,5673.08,0.0,228.0,1134.62,351.73,82.26,0.0,174.16,212.74,3.97,2.0,1961.48,228.0,3483.6,351.73,82.26,0.0,0.0,34.04,170.19,684.0,468.03,6995.3
24,2024-11-22,2024-11-08,2024-11-21,EMP-013,Hannah Whitfield,Associate,MFJ,Yes,5192.31,0.0,5192.31,0.0,95.0,1038.46,321.92,75.29,0.0,159.4,194.71,3.63,2.0,1795.41,95.0,3301.9,321.92,75.29,0.0,0.0,31.15,155.77,285.0,428.36,6061.44
24,2024-11-22,2024-11-08,2024-11-21,EMP-015,Frederick Wagner,Of-Counsel,Single,No,9423.08,0.0,9423.08,0.0,228.0,2073.08,0.0,136.63,84.81,289.29,324.15,6.6,2.0,2916.56,228.0,6278.52,0.0,136.63,0.0,0.0,56.54,282.69,684.0,193.17,10582.94
24,2024-11-22,2024-11-08,2024-11-21,EMP-014,Catherine Mbeki,Of-Counsel,Single,Yes,8269.23,0.0,8269.23,0.0,95.0,1819.23,0.0,119.9,0.0,253.87,310.1,5.79,2.0,2510.89,95.0,5663.34,0.0,119.9,0.0,0.0,49.62,248.08,285.0,169.52,8971.83
24,2024-11-22,2024-11-08,2024-11-21,EMP-016,Rebecca Tanaka,Paralegal,MFJ,Yes,3538.46,0.0,3538.46,212.31,90.0,432.4,219.38,51.31,0.0,108.63,132.69,2.48,2.0,948.89,302.31,2287.26,219.38,51.31,0.0,0.0,21.23,106.15,270.0,291.92,4206.53
24,2024-11-22,2024-11-08,2024-11-21,EMP-017,Leon Beaumont,Paralegal,MFJ,Yes,3269.23,0.0,3269.23,0.0,216.0,425.0,202.69,47.4,0.0,100.37,122.6,2.29,2.0,902.35,216.0,2150.88,202.69,47.4,0.0,0.0,19.62,98.08,648.0,269.71,4285.02
24,2024-11-22,2024-11-08,2024-11-21,EMP-018,Sofia Delgado,Paralegal,MFJ,No,3000.0,0.0,3000.0,0.0,90.0,390.0,186.0,43.5,0.0,92.1,103.2,2.1,2.0,818.9,90.0,2091.1,186.0,43.5,0.0,0.0,18.0,90.0,270.0,247.5,3607.5
24,2024-11-22,2024-11-08,2024-11-21,EMP-019,Tasha Williams,Legal Assistant,Single,Yes,2615.38,0.0,2615.38,0.0,192.0,287.69,162.15,37.92,0.0,80.29,98.08,1.83,2.0,669.96,192.0,1753.42,162.15,37.92,0.0,0.0,15.69,78.46,576.0,215.76,3485.6
24,2024-11-22,2024-11-08,2024-11-21,EMP-020,Jenna Foster,Legal Assistant,HOH,Yes,2480.77,0.0,2480.77,248.08,80.0,245.6,153.81,35.97,0.0,76.16,93.03,1.74,2.0,608.31,328.08,1544.38,153.81,35.97,0.0,0.0,14.88,74.42,240.0,204.66,2999.85
24,2024-11-22,2024-11-08,2024-11-21,EMP-021,Maria Iglesias,Legal Assistant,Single,Yes,2346.15,0.0,2346.15,140.77,80.0,242.59,145.46,34.02,0.0,72.03,87.98,1.64,2.0,585.72,220.77,1539.66,145.46,34.02,0.0,0.0,14.08,70.38,240.0,193.56,2850.09
24,2024-11-22,2024-11-08,2024-11-21,EMP-022,Devin Russo,Legal Assistant,MFJ,Yes,2230.77,0.0,2230.77,178.46,80.0,225.75,138.31,32.35,0.0,68.48,83.65,1.56,2.0,552.1,258.46,1420.21,138.31,32.35,0.0,0.0,13.38,66.92,240.0,184.04,2721.73
24,2024-11-22,2024-11-08,2024-11-21,EMP-023,Linda Pemberton,Administrative,HOH,Yes,2384.62,0.0,2384.62,0.0,80.0,262.31,147.85,34.58,0.0,73.21,89.42,1.67,2.0,611.04,80.0,1693.58,147.85,34.58,0.0,0.0,14.31,71.54,240.0,196.74,2892.9
24,2024-11-22,2024-11-08,2024-11-21,EMP-024,Karen Yoshida,Administrative,Single,Yes,2000.0,0.0,2000.0,0.0,80.0,220.0,124.0,29.0,0.0,61.4,75.0,1.4,2.0,512.8,80.0,1407.2,124.0,29.0,0.0,0.0,12.0,60.0,240.0,165.0,2465.0
24,2024-11-22,2024-11-08,2024-11-21,EMP-025,Anthony Castellanos,Bookkeeper,Single,Yes,3076.92,0.0,3076.92,0.0,90.0,430.77,190.77,44.62,0.0,94.46,115.38,2.15,2.0,880.15,90.0,2106.77,190.77,44.62,0.0,0.0,18.46,92.31,270.0,253.85,3693.08
25,2024-12-06,2024-11-22,2024-12-05,EMP-009,Nathan Brooks,Associate,Single,Yes,7115.38,0.0,7115.38,0.0,95.0,1423.08,0.0,103.17,0.0,218.44,266.83,4.98,2.0,2018.5,95.0,5001.88,0.0,103.17,0.0,0.0,42.69,213.46,285.0,145.86,7759.7
25,2024-12-06,2024-11-22,2024-12-05,EMP-010,Aiden Park,Associate,Single,Yes,6634.62,0.0,6634.62,0.0,95.0,1326.92,411.35,96.2,0.0,203.68,248.8,4.64,2.0,2293.59,95.0,4246.03,411.35,96.2,0.0,0.0,39.81,199.04,285.0,547.36,7666.02
25,2024-12-06,2024-11-22,2024-12-05,EMP-011,Maya Reyes,Associate,MFJ,Yes,6153.85,0.0,6153.85,0.0,228.0,1230.77,381.54,89.23,0.0,188.92,230.77,4.31,2.0,2127.54,228.0,3798.31,381.54,89.23,0.0,0.0,36.92,184.62,684.0,507.69,7530.16
25,2024-12-06,2024-11-22,2024-12-05,EMP-012,Tomas Aguilar,Associate,MFJ,Yes,5673.08,0.0,5673.08,0.0,228.0,1134.62,351.73,82.26,0.0,174.16,212.74,3.97,2.0,1961.48,228.0,3483.6,351.73,82.26,0.0,0.0,34.04,170.19,684.0,468.03,6995.3
25,2024-12-06,2024-11-22,2024-12-05,EMP-013,Hannah Whitfield,Associate,MFJ,Yes,5192.31,0.0,5192.31,0.0,95.0,1038.46,321.92,75.29,0.0,159.4,194.71,3.63,2.0,1795.41,95.0,3301.9,321.92,75.29,0.0,0.0,31.15,155.77,285.0,428.36,6061.44
25,2024-12-06,2024-11-22,2024-12-05,EMP-015,Frederick Wagner,Of-Counsel,Single,No,9423.08,0.0,9423.08,0.0,228.0,2073.08,0.0,136.63,84.81,289.29,324.15,6.6,2.0,2916.56,228.0,6278.52,0.0,136.63,0.0,0.0,56.54,282.69,684.0,193.17,10582.94
25,2024-12-06,2024-11-22,2024-12-05,EMP-014,Catherine Mbeki,Of-Counsel,Single,Yes,8269.23,0.0,8269.23,0.0,95.0,1819.23,0.0,119.9,60.58,253.87,310.1,5.79,2.0,2571.47,95.0,5602.76,0.0,119.9,0.0,0.0,49.62,248.08,285.0,169.52,8971.83
25,2024-12-06,2024-11-22,2024-12-05,EMP-016,Rebecca Tanaka,Paralegal,MFJ,Yes,3538.46,0.0,3538.46,212.31,90.0,432.4,219.38,51.31,0.0,108.63,132.69,2.48,2.0,948.89,302.31,2287.26,219.38,51.31,0.0,0.0,21.23,106.15,270.0,291.92,4206.53
25,2024-12-06,2024-11-22,2024-12-05,EMP-017,Leon Beaumont,Paralegal,MFJ,Yes,3269.23,0.0,3269.23,0.0,216.0,425.0,202.69,47.4,0.0,100.37,122.6,2.29,2.0,902.35,216.0,2150.88,202.69,47.4,0.0,0.0,19.62,98.08,648.0,269.71,4285.02
25,2024-12-06,2024-11-22,2024-12-05,EMP-018,Sofia Delgado,Paralegal,MFJ,No,3000.0,0.0,3000.0,0.0,90.0,390.0,186.0,43.5,0.0,92.1,103.2,2.1,2.0,818.9,90.0,2091.1,186.0,43.5,0.0,0.0,18.0,90.0,270.0,247.5,3607.5
25,2024-12-06,2024-11-22,2024-12-05,EMP-019,Tasha Williams,Legal Assistant,Single,Yes,2615.38,0.0,2615.38,0.0,192.0,287.69,162.15,37.92,0.0,80.29,98.08,1.83,2.0,669.96,192.0,1753.42,162.15,37.92,0.0,0.0,15.69,78.46,576.0,215.76,3485.6
25,2024-12-06,2024-11-22,2024-12-05,EMP-020,Jenna Foster,Legal Assistant,HOH,Yes,2480.77,0.0,2480.77,248.08,80.0,245.6,153.81,35.97,0.0,76.16,93.03,1.74,2.0,608.31,328.08,1544.38,153.81,35.97,0.0,0.0,14.88,74.42,240.0,204.66,2999.85
25,2024-12-06,2024-11-22,2024-12-05,EMP-021,Maria Iglesias,Legal Assistant,Single,Yes,2346.15,0.0,2346.15,140.77,80.0,242.59,145.46,34.02,0.0,72.03,87.98,1.64,2.0,585.72,220.77,1539.66,145.46,34.02,0.0,0.0,14.08,70.38,240.0,193.56,2850.09
25,2024-12-06,2024-11-22,2024-12-05,EMP-022,Devin Russo,Legal Assistant,MFJ,Yes,2230.77,0.0,2230.77,178.46,80.0,225.75,138.31,32.35,0.0,68.48,83.65,1.56,2.0,552.1,258.46,1420.21,138.31,32.35,0.0,0.0,13.38,66.92,240.0,184.04,2721.73
25,2024-12-06,2024-11-22,2024-12-05,EMP-023,Linda Pemberton,Administrative,HOH,Yes,2384.62,0.0,2384.62,0.0,80.0,262.31,147.85,34.58,0.0,73.21,89.42,1.67,2.0,611.04,80.0,1693.58,147.85,34.58,0.0,0.0,14.31,71.54,240.0,196.74,2892.9
25,2024-12-06,2024-11-22,2024-12-05,EMP-024,Karen Yoshida,Administrative,Single,Yes,2000.0,0.0,2000.0,0.0,80.0,220.0,124.0,29.0,0.0,61.4,75.0,1.4,2.0,512.8,80.0,1407.2,124.0,29.0,0.0,0.0,12.0,60.0,240.0,165.0,2465.0
25,2024-12-06,2024-11-22,2024-12-05,EMP-025,Anthony Castellanos,Bookkeeper,Single,Yes,3076.92,0.0,3076.92,0.0,90.0,430.77,190.77,44.62,0.0,94.46,115.38,2.15,2.0,880.15,90.0,2106.77,190.77,44.62,0.0,0.0,18.46,92.31,270.0,253.85,3693.08
26,2024-12-20,2024-12-06,2024-12-19,EMP-009,Nathan Brooks,Associate,Single,Yes,7115.38,22200.0,29315.38,0.0,95.0,5863.08,0.0,425.07,64.8,899.98,1099.33,20.52,2.0,8374.78,95.0,20845.6,0.0,425.07,0.0,0.0,175.89,879.46,285.0,600.96,31080.8
26,2024-12-20,2024-12-06,2024-12-19,EMP-010,Aiden Park,Associate,Single,Yes,6634.62,20700.0,27334.62,0.0,95.0,5466.92,169.45,396.35,0.0,839.17,1025.05,19.13,2.0,7918.07,95.0,19321.55,169.54,396.35,0.0,0.0,164.01,820.04,285.0,729.9,29169.56
26,2024-12-20,2024-12-06,2024-12-19,EMP-011,Maya Reyes,Associate,MFJ,Yes,6153.85,19200.0,25353.85,0.0,228.0,5070.77,914.7,367.63,0.0,778.36,950.77,17.75,2.0,8101.98,228.0,17023.87,914.73,367.63,0.0,0.0,152.12,760.62,684.0,1434.48,28232.95
26,2024-12-20,2024-12-06,2024-12-19,EMP-012,Tomas Aguilar,Associate,MFJ,Yes,5673.08,17700.0,23373.08,0.0,228.0,4674.62,1449.13,338.91,0.0,717.55,876.49,16.36,2.0,8075.06,228.0,15070.02,1449.13,338.91,0.0,0.0,140.24,701.19,684.0,1928.28,26686.55
26,2024-12-20,2024-12-06,2024-12-19,EMP-013,Hannah Whitfield,Associate,MFJ,Yes,5192.31,16200.0,21392.31,0.0,95.0,4278.46,1326.32,310.19,0.0,656.74,802.21,14.97,2.0,7390.89,95.0,13906.42,1326.32,310.19,0.0,0.0,128.35,641.77,285.0,1764.86,24083.94
26,2024-12-20,2024-12-06,2024-12-19,EMP-015,Frederick Wagner,Of-Counsel,Single,No,9423.08,24500.0,33923.08,0.0,228.0,7463.08,0.0,491.88,305.31,1041.44,1166.95,23.75,2.0,10494.41,228.0,23200.67,0.0,491.88,0.0,0.0,203.54,1017.69,684.0,695.42,36320.19
26,2024-12-20,2024-12-06,2024-12-19,EMP-014,Catherine Mbeki,Of-Counsel,Single,Yes,8269.23,21500.0,29769.23,0.0,95.0,6549.23,0.0,431.65,267.92,913.92,1116.35,20.84,2.0,9301.91,95.0,20372.32,0.0,431.65,0.0,0.0,178.62,893.08,285.0,610.27,31557.58
26,2024-12-20,2024-12-06,2024-12-19,EMP-016,Rebecca Tanaka,Paralegal,MFJ,Yes,3538.46,4600.0,8138.46,488.31,90.0,994.52,504.58,118.01,0.0,249.85,305.19,5.7,2.0,2179.85,578.31,5380.3,504.58,118.01,0.0,0.0,48.83,244.15,270.0,671.42,9324.03
26,2024-12-20,2024-12-06,2024-12-19,EMP-017,Leon Beaumont,Paralegal,MFJ,Yes,3269.23,4250.0,7519.23,0.0,216.0,977.5,466.19,109.03,0.0,230.84,281.97,5.26,2.0,2072.79,216.0,5230.44,466.19,109.03,0.0,0.0,45.12,225.58,648.0,620.34,9013.15
26,2024-12-20,2024-12-06,2024-12-19,EMP-018,Sofia Delgado,Paralegal,MFJ,No,3000.0,3900.0,6900.0,0.0,90.0,897.0,427.8,100.05,0.0,211.83,237.36,4.83,2.0,1880.87,90.0,4929.13,427.8,100.05,0.0,0.0,41.4,207.0,270.0,569.25,7946.25
26,2024-12-20,2024-12-06,2024-12-19,EMP-019,Tasha Williams,Legal Assistant,Single,Yes,2615.38,3400.0,6015.38,0.0,192.0,661.69,372.95,87.22,0.0,184.67,225.58,4.21,2.0,1538.32,192.0,4285.06,372.95,87.22,0.0,0.0,36.09,180.46,576.0,496.26,7268.1
26,2024-12-20,2024-12-06,2024-12-19,EMP-020,Jenna Foster,Legal Assistant,HOH,Yes,2480.77,3225.0,5705.77,570.58,80.0,564.87,353.76,82.73,0.0,175.17,213.97,3.99,2.0,1396.49,650.58,3658.7,353.76,82.73,0.0,0.0,34.23,171.17,240.0,470.72,6587.66
26,2024-12-20,2024-12-06,2024-12-19,EMP-021,Maria Iglesias,Legal Assistant,Single,Yes,2346.15,3050.0,5396.15,323.77,80.0,557.96,334.56,78.24,0.0,165.66,202.36,3.78,2.0,1344.56,403.77,3647.82,334.56,78.24,0.0,0.0,32.38,161.88,240.0,445.18,6243.21
26,2024-12-20,2024-12-06,2024-12-19,EMP-022,Devin Russo,Legal Assistant,MFJ,Yes,2230.77,2900.0,5130.77,410.46,80.0,519.23,318.11,74.4,0.0,157.51,192.4,3.59,2.0,1267.24,490.46,3373.07,318.11,74.4,0.0,0.0,30.78,153.92,240.0,423.29,5947.98
26,2024-12-20,2024-12-06,2024-12-19,EMP-023,Linda Pemberton,Administrative,HOH,Yes,2384.62,3100.0,5484.62,0.0,80.0,603.31,340.05,79.53,0.0,168.38,205.67,3.84,2.0,1402.78,80.0,4001.84,340.05,79.53,0.0,0.0,32.91,164.54,240.0,452.49,6341.65
26,2024-12-20,2024-12-06,2024-12-19,EMP-024,Karen Yoshida,Administrative,Single,Yes,2000.0,2600.0,4600.0,0.0,80.0,506.0,285.2,66.7,0.0,141.22,172.5,3.22,2.0,1176.84,80.0,3343.16,285.2,66.7,0.0,0.0,27.6,138.0,240.0,379.5,5357.5
26,2024-12-20,2024-12-06,2024-12-19,EMP-025,Anthony Castellanos,Bookkeeper,Single,Yes,3076.92,4000.0,7076.92,0.0,90.0,990.77,438.77,102.62,0.0,217.26,265.38,4.95,2.0,2021.75,90.0,4965.17,438.77,102.62,0.0,0.0,42.46,212.31,270.0,583.85,8143.08
